transaction id,date,effective date,transaction type,amount,check number,reference number,description,transaction category,type,balance,memo,extended description,bank,account
"20250103 918273 63,209 1,209,076",2025-01-03,1/3/2025,Credit,632.09,,265006978,Salary/Regular Income from Goldenwest Credit Union,Paychecks/Salary,income,3602.31,,Deposit ACH GOLDENWEST CREDI TYPE: Payroll ID: 324377613 CO: GOLDENWEST CREDI,goldenwest,checking
"20250117 918273 68,291 1,208,282",2025-01-17,1/17/2025,Credit,682.91,,268646528,Salary/Regular Income from Goldenwest Credit Union,Paychecks/Salary,income,4285.22,,Deposit ACH GOLDENWEST CREDI    TYPE: Payroll ID: 324377613    CO: GOLDENWEST CREDI,goldenwest,checking
"20250121 918273 76,916 1,993,911",2025-01-21,1/21/2025,Credit,769.16,,268646529,Deposit S KERBY REIM FOR TRAINING MILEAGE,Expense Reimbursement,income,5054.38,,Deposit    S KERBY REIM FOR TRAINING MILEAGE,goldenwest,checking
"20250131 918273 19,823 931,034",2025-01-31,1/30/2025,Debit,-198.23,,269953390,Walmart,Shopping,expense,4856.15,,Withdrawal Debit Card Debit Card    WAL WAL-MART SUPER 522140 1768 WAL-SAMS OR   Date 01/30/25 503078463966 5411 Card 5437,goldenwest,checking
"20250131 918274 26 3,427,173",2025-01-31,1/31/2025,Credit,0.26,,269953388,Deposit Dividend Annual Percentage Yield Earned 6.21% from 01/01/25 through 01/31/25,Investment Income,income,50.92,,Deposit Dividend    Annual Percentage Yield Earned 6.21% from 01/01/25 through 01/31/25,goldenwest,credit
"20250131 918273 18 3,427,184",2025-01-31,1/31/2025,Credit,0.18,,269953392,Deposit Dividend Annual Percentage Yield Earned 0.05% from 01/01/25 through 01/31/25,Investment Income,income,5469.89,,Deposit Dividend    Annual Percentage Yield Earned 0.05% from 01/01/25 through 01/31/25,goldenwest,checking
"20250131 918273 61,356 1,209,633",2025-01-31,1/31/2025,Credit,613.56,,269953391,Salary/Regular Income from Goldenwest Credit Union,Paychecks/Salary,income,5469.71,,Deposit ACH GOLDENWEST CREDI    TYPE: Payroll ID: 324377613    CO: GOLDENWEST CREDI,goldenwest,checking
"20250201 918274 77 1,333,459",2025-02-01,2/1/2025,Credit,0.77,,269953389,Deposit RoundUp Deposit,Deposits,income,51.69,,Deposit RoundUp Deposit,goldenwest,credit
"20250201 918273 77 1,333,458",2025-02-01,2/1/2025,Debit,-0.77,,269953393,Withdrawal RoundUp Withdraw,ATM/Cash Withdrawals,expense,5469.12,,Withdrawal RoundUp Withdraw,goldenwest,checking
"20250202 918273 1,116 1,668,999",2025-02-02,2/2/2025,Debit,-11.16,,270241484,Payment to T-Mobile,Telephone Services,expense,5457.96,,Withdrawal Debit Card Debit Card    TMOBILE*PREPAID WEB 877-778-2106 WA    Date 02/01/25 503250070140 4814 Card 5437,goldenwest,checking
"20250203 918274 84 1,189,612",2025-02-03,2/3/2025,Credit,0.84,,270480364,Deposit RoundUp Deposit,Deposits,income,52.53,,Deposit RoundUp Deposit,goldenwest,credit
"20250203 918273 84 1,189,611",2025-02-03,2/3/2025,Debit,-0.84,,270261712,Withdrawal RoundUp Withdraw,ATM/Cash Withdrawals,expense,5457.12,,Withdrawal RoundUp Withdraw,goldenwest,checking
"20250211 918273 2,677 1,745,521",2025-02-11,2/11/2025,Credit,26.77,,271906668,Costco,Shopping,income,5483.89,,Withdrawal Adjustment Debit Card Credit Voucher   COSTCO WHSE #0484 OREM UT    Date 02/10/25 504186571674 5300 Card 5664,goldenwest,checking
"20250212 918273 24,425 2,072,605",2025-02-12,2/12/2025,Debit,-244.25,,272200872,Walmart,Shopping,expense,5238.87,,Withdrawal POS #232873    WAL WAL-MART SUPER 002774 1768 WAL-SAMS OREM UT    Card 5664,goldenwest,checking
"20250212 918273 77 1,184,086",2025-02-12,2/12/2025,Debit,-0.77,,272200871,Withdrawal RoundUp Withdraw,ATM/Cash Withdrawals,expense,5483.12,,Withdrawal RoundUp Withdraw,goldenwest,checking
"20250212 918274 77 1,184,087",2025-02-12,2/12/2025,Credit,0.77,,272200915,Deposit RoundUp Deposit,Deposits,income,53.3,,Deposit RoundUp Deposit,goldenwest,credit
"20250213 918274 75 1,167,508",2025-02-13,2/13/2025,Credit,0.75,,272200916,Deposit RoundUp Deposit,Deposits,income,54.05,,Deposit RoundUp Deposit,goldenwest,credit
"20250213 918273 4,924 1,760,829",2025-02-13,2/13/2025,Debit,-49.24,,272200874,Maverik,Gasoline/Fuel,expense,5188.88,,Withdrawal Debit Card Debit Card    MAVERIK #757 OREM UT    Date 02/12/25 504314812915 5542 Card 5664,goldenwest,checking
"20250213 918273 75 1,167,507",2025-02-13,2/13/2025,Debit,-0.75,,272200873,Withdrawal RoundUp Withdraw,ATM/Cash Withdrawals,expense,5238.12,,Withdrawal RoundUp Withdraw,goldenwest,checking
"20250214 918273 11,480 2,084,173",2025-02-14,2/14/2025,Credit,114.8,,272463813,Deposit S KERBY REIM FOR TRAINING MILEAGE,Expense Reimbursement,income,6422.85,,Deposit    S KERBY REIM FOR TRAINING MILEAGE,goldenwest,checking
"20250214 918273 111,993 1,201,158",2025-02-14,2/14/2025,Credit,1119.93,,272348099,Salary/Regular Income from Goldenwest Credit Union,Paychecks/Salary,income,6308.81,,Deposit ACH GOLDENWEST CREDI TYPE: Payroll ID: 324377613 CO: GOLDENWEST CREDI,goldenwest,checking
"20250214 918273 76 1,226,429",2025-02-14,2/14/2025,Debit,-0.76,,272348100,Withdrawal RoundUp Withdraw,ATM/Cash Withdrawals,expense,6308.05,,Withdrawal RoundUp Withdraw,goldenwest,checking
"20250214 918274 76 1,226,430",2025-02-14,2/14/2025,Credit,0.76,,272348188,Deposit RoundUp Deposit,Deposits,income,54.81,,Deposit RoundUp Deposit,goldenwest,credit
"20250228 918274 25 3,336,430",2025-02-28,2/28/2025,Credit,0.25,,275076187,Deposit Dividend Annual Percentage Yield Earned 6.23% from 02/01/25 through 02/28/25,Investment Income,income,55.06,,Deposit Dividend    Annual Percentage Yield Earned 6.23% from 02/01/25 through 02/28/25,goldenwest,credit
"20250228 918273 62,736 1,279,096",2025-02-28,2/28/2025,Credit,627.36,,274811924,Salary/Regular Income from Goldenwest Credit Union,Paychecks/Salary,income,7050.21,,Deposit ACH GOLDENWEST CREDI TYPE: Payroll ID: 324377613 CO: GOLDENWEST CREDI,goldenwest,checking
"20250228 918273 23 3,336,440",2025-02-28,2/28/2025,Credit,0.23,,275241356,Deposit Dividend Annual Percentage Yield Earned 0.05% from 02/01/25 through 02/28/25,Investment Income,income,7050.44,,Deposit Dividend    Annual Percentage Yield Earned 0.05% from 02/01/25 through 02/28/25,goldenwest,checking
"20250303 918273 3,752 1,919,453",2025-03-03,3/3/2025,Debit,-37.52,,275682306,Walmart,Shopping,expense,7012.92,,Withdrawal POS #506200413364    WM SUPERCENTER #4068 Wal-Mart Super Center SPANISH FORK UT    Card 4143,goldenwest,checking
"20250303 918273 5,115 1,921,399",2025-03-03,3/3/2025,Debit,-51.15,,275682307,Walmart,Shopping,expense,6961.77,,Withdrawal POS #506200138167    WM SUPERCENTER #4068 Wal-Mart Super Center   SPANISH FORK UT    Card 4143,goldenwest,checking
"20250304 918273 1,902 1,599,176",2025-03-04,3/4/2025,Debit,-19.02,,275795312,Taco Bell,Restaurants & Dining,expense,6941.42,,Withdrawal Debit Card Debit Card    TACO BELL 025393 SPANISH FORK UT    Date 03/03/25 24943005063160940943983 5814 Card 4143,goldenwest,checking
"20250304 918274 133 1,289,687",2025-03-04,3/4/2025,Credit,1.33,,275795310,Deposit RoundUp Deposit,Deposits,income,56.39,,Deposit RoundUp Deposit,goldenwest,credit
"20250304 918273 133 1,289,686",2025-03-04,3/4/2025,Debit,-1.33,,275795311,Withdrawal RoundUp Withdraw,ATM/Cash Withdrawals,expense,6960.44,,Withdrawal RoundUp Withdraw,goldenwest,checking
"20250305 918274 98 1,281,809",2025-03-05,3/5/2025,Credit,0.98,,276071950,Deposit RoundUp Deposit,Deposits,income,57.37,,Deposit RoundUp Deposit,goldenwest,credit
"20250305 918273 98 1,281,808",2025-03-05,3/5/2025,Debit,-0.98,,276071945,Withdrawal RoundUp Withdraw,ATM/Cash Withdrawals,expense,6940.44,,Withdrawal RoundUp Withdraw,goldenwest,checking
"20250306 918273 2,301 1,736,567",2025-03-06,3/6/2025,Debit,-23.01,,276270135,Withdrawal #XX0480 OAK HILLS PHARMACY PROVO UT Card 4143,Healthcare & Pharmacy,expense,6917.43,,Withdrawal POS #506517670480    OAK HILLS PHARMACY PROVO UT    Card 4143,goldenwest,checking
"20250307 918273 2,130 2,040,103",2025-03-07,3/7/2025,Debit,-21.3,,276519984,Ross Stores,Clothing,expense,6793.51,,Withdrawal POS #506704719296 ROSS DRESS FOR LESS 23 SARATOGA SPRI UT Card 4143,goldenwest,checking
"20250307 918273 99 1,304,230",2025-03-07,3/7/2025,Debit,-0.99,,276466669,Withdrawal RoundUp Withdraw,ATM/Cash Withdrawals,expense,6916.44,,Withdrawal RoundUp Withdraw,goldenwest,checking
"20250307 918273 10,163 1,737,937",2025-03-07,3/7/2025,Debit,-101.63,,276466670,Withdrawal PAYROLL WITHDRAW,Wages Paid,expense,6814.81,,Withdrawal    PAYROLL WITHDRAW,goldenwest,checking
"20250307 918274 99 1,304,231",2025-03-07,3/7/2025,Credit,0.99,,276466668,Deposit RoundUp Deposit,Deposits,income,58.36,,Deposit RoundUp Deposit,goldenwest,credit
"20250308 918273 2,790 961,120",2025-03-08,3/7/2025,Debit,-27.9,,276543036,Payment to T-Mobile,Telephone Services,expense,6765.61,,Withdrawal Bill Payment #506722106282 TMOBILE*PREPD AUTOPY 877-778-2106 WA Card 4143,goldenwest,checking
"20250308 918273 70 1,037,032",2025-03-08,3/8/2025,Debit,-0.7,,276543037,Withdrawal RoundUp Withdraw,ATM/Cash Withdrawals,expense,6764.91,,Withdrawal RoundUp Withdraw,goldenwest,checking
"20250308 918273 6,634 1,558,309",2025-03-08,3/8/2025,Debit,-66.34,,276673435,Walmart,Shopping,expense,6698.57,,Withdrawal POS #87412300    WAL-MART #1439 625 W TELEGRAPH ST    WASHINGTON UT    Card 4143,goldenwest,checking
"20250308 918274 70 1,037,033",2025-03-08,3/8/2025,Credit,0.7,,276543071,Deposit RoundUp Deposit,Deposits,income,59.06,,Deposit RoundUp Deposit,goldenwest,credit
"20250309 918273 66 1,017,252",2025-03-09,3/9/2025,Debit,-0.66,,276690008,Withdrawal RoundUp Withdraw,ATM/Cash Withdrawals,expense,6697.91,,Withdrawal RoundUp Withdraw,goldenwest,checking
"20250309 918273 2,250 1,472,522",2025-03-09,3/9/2025,Debit,-22.5,,276803445,Carl's Jr.,Restaurants & Dining,expense,6675.41,,Withdrawal Debit Card Debit Card    CARLS JR 1101066 SAINT GEORGE UT    Date 03/08/25 24755425068260680928467 5814 Card 4143,goldenwest,checking
"20250309 918274 66 1,017,253",2025-03-09,3/9/2025,Credit,0.66,,276690007,Deposit RoundUp Deposit,Deposits,income,59.72,,Deposit RoundUp Deposit,goldenwest,credit
"20250310 918274 50 1,167,138",2025-03-10,3/10/2025,Credit,0.5,,276820587,Deposit RoundUp Deposit,Deposits,income,60.22,,Deposit RoundUp Deposit,goldenwest,credit
"20250310 918273 50 1,167,137",2025-03-10,3/10/2025,Debit,-0.5,,276820588,Withdrawal RoundUp Withdraw,ATM/Cash Withdrawals,expense,6674.91,,Withdrawal RoundUp Withdraw,goldenwest,checking
"20250310 918273 4,676 1,720,793",2025-03-10,3/10/2025,Debit,-46.76,,276961743,Bath & Body Works,Personal Care & Fitness,expense,6575.86,,Withdrawal POS #506916068873 BATH AND BODY WORKS 4010 SAINT GEORGE UT Card 4143,goldenwest,checking
"20250310 918273 4,532 1,762,559",2025-03-10,3/10/2025,Debit,-45.32,,277014757,Victoria's Secret,Clothing,expense,6530.54,,Withdrawal POS #506917513998    VICTORIA'S SECRET 1593 ST GEORGE UT    Card 4143,goldenwest,checking
"20250310 918273 1,283 1,783,963",2025-03-10,3/10/2025,Debit,-12.83,,277014758,Fabulous Freddy's,Automotive Expenses,expense,6517.71,,Withdrawal POS #506918234901    FAB FREDDY - RIVER ST GEORGE UT    Card 4143,goldenwest,checking
"20250310 918273 4,135 1,868,603",2025-03-10,3/10/2025,Debit,-41.35,,277014759,JCPenney,Clothing,expense,6476.36,,Withdrawal Debit Card Debit Card    JCPENNEY 2374 ST GEORGE UT    Date 03/10/25 24431065069832396761138 5311 Card 4143,goldenwest,checking
"20250310 918273 3,201 1,941,529",2025-03-10,3/10/2025,Debit,-32.01,,277036253,Dick's Sporting Goods,Shopping,expense,6444.35,,Withdrawal Debit Card Debit Card    Dicks Sporting Goods St. George UT    Date 03/11/25 24204295070001237453033 5941 Card 4143,goldenwest,checking
"20250310 918273 5,229 1,682,195",2025-03-10,3/10/2025,Debit,-52.29,,276961742,Barnes & Noble,Hobbies,expense,6622.62,,Withdrawal POS #506919316759 Barnes and Nobl 1720 Red St. George UT Card 4143,goldenwest,checking
"20250311 918273 5,525 1,897,955",2025-03-11,3/11/2025,Debit,-55.25,,277219546,Walmart,Shopping,expense,6385.66,,Withdrawal POS #12697300    WAL-MART #1439 625 W TELEGRAPH ST    WASHINGTON UT    Card 4143,goldenwest,checking
"20250311 918274 344 1,271,015",2025-03-11,3/11/2025,Credit,3.44,,277072799,Deposit RoundUp Deposit,Deposits,income,63.66,,Deposit RoundUp Deposit,goldenwest,credit
"20250311 918273 344 1,271,014",2025-03-11,3/11/2025,Debit,-3.44,,277072800,Withdrawal RoundUp Withdraw,ATM/Cash Withdrawals,expense,6440.91,,Withdrawal RoundUp Withdraw,goldenwest,checking
"20250312 918273 75 1,299,413",2025-03-12,3/12/2025,Debit,-0.75,,277253975,Withdrawal RoundUp Withdraw,ATM/Cash Withdrawals,expense,6384.91,,Withdrawal RoundUp Withdraw,goldenwest,checking
"20250312 918274 75 1,299,414",2025-03-12,3/12/2025,Credit,0.75,,277253974,Deposit RoundUp Deposit,Deposits,income,64.41,,Deposit RoundUp Deposit,goldenwest,credit
"20250312 918273 9,800 1,779,664",2025-03-12,3/12/2025,Debit,-98.0,,277370409,Famous Footwear,Clothing,expense,6265.91,,Withdrawal POS #507123883538 FAMOUSFOOTWEAR#1648 ST GEORGE UT Card 4143,goldenwest,checking
"20250312 918273 2,100 1,528,109",2025-03-12,3/12/2025,Debit,-21.0,,277318921,Taco Bell,Restaurants & Dining,expense,6363.91,,Withdrawal Debit Card Debit Card    TACO BELL 032638 ST GEORGE UT    Date 03/11/25 24943005071165994446866 5814 Card 4143,goldenwest,checking
"20250313 918273 2,640 1,250,075",2025-03-13,3/13/2025,Debit,-26.4,,277428804,Panda Express,Restaurants & Dining,expense,6125.59,,Withdrawal Debit Card Debit Card    PANDA EXPRESS #539 SAINT GEORGE UT    Date 03/12/25 24431065072166483549493 5814 Card 4143,goldenwest,checking
"20250313 918273 906 1,967,470",2025-03-13,3/13/2025,Debit,-9.06,,277583615,Withdrawal RED CLIFFS BOBA TEA & CO ST. GEORGE UT Date XX 5812 Card 4143,Restaurants & Dining,expense,6116.53,,Withdrawal Debit Card Debit Card    RED CLIFFS BOBA TEA & CO ST. GEORGE UT    Date 03/13/25 24801975072271979118415 5812 Card 4143,goldenwest,checking
"20250313 918273 7,293 982,283",2025-03-13,3/12/2025,Debit,-72.93,,277395316,Downeast,Clothing,expense,6179.74,,Withdrawal Debit Card Debit Card    SP DOWNEAST 180-03373076 UT    Date 03/13/25 24011345072500034214849 5621   Card 4143,goldenwest,checking
"20250313 918273 2,775 982,328",2025-03-13,3/12/2025,Debit,-27.75,,277395317,Downeast,Clothing,expense,6151.99,,Withdrawal Debit Card Debit Card    SP DOWNEAST 180-03373076 UT    Date 03/13/25 24011345072500035070893 5621 Card 4143,goldenwest,checking
"20250313 918273 1,324 976,270",2025-03-13,3/12/2025,Debit,-13.24,,277395315,Chick-fil-A,Restaurants & Dining,expense,6252.67,,Withdrawal Debit Card Debit Card    CHICK-FIL-A #03006 ST. GEORGE UT Date 03/11/25 24427335071710017871255 5814   Card 4143,goldenwest,checking
"20250314 918273 56,452 1,266,855",2025-03-14,3/14/2025,Credit,564.52,,277619553,Salary/Regular Income from Goldenwest Credit Union,Paychecks/Salary,income,6681.05,,Deposit ACH GOLDENWEST CREDI TYPE: Payroll ID: 324377613 CO: GOLDENWEST CREDI,goldenwest,checking
"20250314 918273 262 1,326,597",2025-03-14,3/14/2025,Debit,-2.62,,277619554,Withdrawal RoundUp Withdraw,ATM/Cash Withdrawals,expense,6678.43,,Withdrawal RoundUp Withdraw,goldenwest,checking
"20250314 918273 1,300 1,603,454",2025-03-14,3/14/2025,Debit,-13.0,,277707491,Taco Bell,Restaurants & Dining,expense,6665.43,,Withdrawal Debit Card Debit Card    TACO BELL 025385 ST GEORGE UT    Date 03/13/25 24943005073167293948822 5814 Card 4143,goldenwest,checking
"20250314 918274 262 1,326,598",2025-03-14,3/14/2025,Credit,2.62,,277619552,Deposit RoundUp Deposit,Deposits,income,67.03,,Deposit RoundUp Deposit,goldenwest,credit
"20250315 918273 2,228 1,410,566",2025-03-15,3/15/2025,Debit,-22.28,,277931337,Walmart,Shopping,expense,6643.15,,Withdrawal POS #507400219025    WM SUPERCENTER #3208 Wal-Mart Super Center   SPRINGVILLE UT    Card 4143,goldenwest,checking
"20250315 918273 4,901 1,531,596",2025-03-15,3/15/2025,Debit,-49.01,,277931338,Maverik,Gasoline/Fuel,expense,6594.14,,Withdrawal POS #507420275495    MAVERIK #757 OREM UT    Card 4143,goldenwest,checking
"20250316 918274 171 1,071,432",2025-03-16,3/16/2025,Credit,1.71,,277976537,Deposit RoundUp Deposit,Deposits,income,68.74,,Deposit RoundUp Deposit,goldenwest,credit
"20250316 918273 171 1,071,431",2025-03-16,3/16/2025,Debit,-1.71,,277976538,Withdrawal RoundUp Withdraw,ATM/Cash Withdrawals,expense,6592.43,,Withdrawal RoundUp Withdraw,goldenwest,checking
"20250319 918273 13,557 1,902,455",2025-03-19,3/19/2025,Debit,-135.57,,278657558,Walmart,Shopping,expense,6456.86,,Withdrawal POS #507800588511    WM SUPERCENTER #1768 Wal-Mart Super Center   OREM UT    Card 4143,goldenwest,checking
"20250320 918273 43 1,277,606",2025-03-20,3/20/2025,Debit,-0.43,,278683676,Withdrawal RoundUp Withdraw,ATM/Cash Withdrawals,expense,6456.43,,Withdrawal RoundUp Withdraw,goldenwest,checking
"20250320 918274 43 1,277,607",2025-03-20,3/20/2025,Credit,0.43,,278683678,Deposit RoundUp Deposit,Deposits,income,69.17,,Deposit RoundUp Deposit,goldenwest,credit
"20250323 918273 2,400 1,202,881",2025-03-23,3/23/2025,Debit,-24.0,,279337243,Taco Bell,Restaurants & Dining,expense,6432.43,,Withdrawal Debit Card Debit Card    TACO BELL 030457 OREM UT    Date 03/22/25 24943005082172976478112 5814 Card 4143,goldenwest,checking
"20250325 918273 400,000 1,503,342",2025-03-25,3/25/2025,Debit,-4000.0,,279599710,Withdrawal Home Banking Transfer To Share 0004,Transfers,expense,2432.43,,Withdrawal Home Banking Transfer To Share 0004,goldenwest,checking
"20250325 918273 4,871 1,924,188",2025-03-25,3/25/2025,Debit,-48.71,,280025334,Maverik,Gasoline/Fuel,expense,2383.72,,Withdrawal POS #508423022831    MAVERIK #757 OREM UT    Card 4143,goldenwest,checking
"20250325 993480 400,000 1,503,341",2025-03-25,3/25/2025,Credit,4000.0,,279599709,Deposit Home Banking Transfer From Share 0090,Deposits,income,4000.0,,Deposit Home Banking Transfer From Share 0090,goldenwest,credit
"20250326 918273 1,545 1,820,700",2025-03-26,3/26/2025,Debit,-15.45,,280025333,Subway,Restaurants & Dining,expense,2367.98,,Withdrawal Debit Card Debit Card    Subway 57492 Orem UT    Date 03/26/25 24204295085002048415099 5814 Card 4143,goldenwest,checking
"20250326 918273 29 1,312,691",2025-03-26,3/26/2025,Debit,-0.29,,280025335,Withdrawal RoundUp Withdraw,ATM/Cash Withdrawals,expense,2383.43,,Withdrawal RoundUp Withdraw,goldenwest,checking
"20250326 918274 29 1,312,692",2025-03-26,3/26/2025,Credit,0.29,,280025337,Deposit RoundUp Deposit,Deposits,income,69.46,,Deposit RoundUp Deposit,goldenwest,credit
"20250327 918273 2,301 1,738,592",2025-03-27,3/27/2025,Debit,-23.01,,280523209,Withdrawal #XX9725 OAK HILLS PHARMACY PROVO UT Card 4143,Healthcare & Pharmacy,expense,2344.42,,Withdrawal POS #508624619725 OAK HILLS PHARMACY PROVO UT Card 4143,goldenwest,checking
"20250327 918274 55 1,277,586",2025-03-27,3/27/2025,Credit,0.55,,280025338,Deposit RoundUp Deposit,Deposits,income,70.01,,Deposit RoundUp Deposit,goldenwest,credit
"20250327 918273 55 1,277,585",2025-03-27,3/27/2025,Debit,-0.55,,280025336,Withdrawal RoundUp Withdraw,ATM/Cash Withdrawals,expense,2367.43,,Withdrawal RoundUp Withdraw,goldenwest,checking
"20250328 918273 58,864 1,222,209",2025-03-28,3/28/2025,Credit,588.64,,280523210,Salary/Regular Income from Goldenwest Credit Union,Paychecks/Salary,income,2933.06,,Deposit ACH GOLDENWEST CREDI    TYPE: Payroll ID: 324377613    CO: GOLDENWEST CREDI,goldenwest,checking
"20250328 918273 99 1,288,087",2025-03-28,3/28/2025,Debit,-0.99,,280523211,Withdrawal RoundUp Withdraw,ATM/Cash Withdrawals,expense,2932.07,,Withdrawal RoundUp Withdraw,goldenwest,checking
"20250328 918274 99 1,288,088",2025-03-28,3/28/2025,Credit,0.99,,280523205,Deposit RoundUp Deposit,Deposits,income,71.0,,Deposit RoundUp Deposit,goldenwest,credit
"20250329 918273 17,529 1,411,571",2025-03-29,3/29/2025,Debit,-175.29,,280523208,Costco,Shopping,expense,2650.3,,Withdrawal POS #508816757276 COSTCO WHSE #1118 SPANISH FORK UT Card 4143,goldenwest,checking
"20250329 918273 10,648 929,055",2025-03-29,3/28/2025,Debit,-106.48,,280523207,Walmart,Shopping,expense,2825.59,,Withdrawal POS #508700283182    WM SUPERCENTER #1768 Wal-Mart Super Center   OREM UT    Card 4143,goldenwest,checking
"20250330 918274 123 1,045,211",2025-03-30,3/30/2025,Credit,1.23,,280523206,Deposit RoundUp Deposit,Deposits,income,72.23,,Deposit RoundUp Deposit,goldenwest,credit
"20250330 918273 123 1,045,210",2025-03-30,3/30/2025,Debit,-1.23,,280523212,Withdrawal RoundUp Withdraw,ATM/Cash Withdrawals,expense,2649.07,,Withdrawal RoundUp Withdraw,goldenwest,checking
"20250331 918273 15,800 2,028,934",2025-03-31,3/31/2025,Debit,-158.0,,281669450,Withdrawal GDP*CROSSPOINTE DENTAL IN OREM UT Date XX 8021 Card 4143,Healthcare & Pharmacy,expense,2491.07,,Withdrawal Debit Card Debit Card    GDP*CROSSPOINTE DENTAL IN OREM UT    Date 03/31/25 24755425090270901568671 8021   Card 4143,goldenwest,checking
"20250331 918273 24 3,175,489",2025-03-31,3/31/2025,Credit,0.24,,281669451,Deposit Dividend Annual Percentage Yield Earned 0.05% from 03/01/25 through 03/31/25,Investment Income,income,2491.31,,Deposit Dividend    Annual Percentage Yield Earned 0.05% from 03/01/25 through 03/31/25,goldenwest,checking
"20250331 993480 77 3,175,465",2025-03-31,3/31/2025,Credit,0.77,,281669446,Deposit Dividend Annual Percentage Yield Earned 1.01% from 03/25/25 through 03/31/25,Investment Income,income,4000.77,,Deposit Dividend    Annual Percentage Yield Earned 1.01% from 03/25/25 through 03/31/25,goldenwest,credit
"20250331 918274 33 3,175,476",2025-03-31,3/31/2025,Credit,0.33,,281669447,Deposit Dividend Annual Percentage Yield Earned 6.14% from 03/01/25 through 03/31/25,Investment Income,income,72.56,,Deposit Dividend    Annual Percentage Yield Earned 6.14% from 03/01/25 through 03/31/25,goldenwest,credit
"20250401 918273 32,000 1,897,517",2025-04-01,4/1/2025,Debit,-320.0,,281669453,Withdrawal ACH Ch JesusChrist TYPE: DONATION ID: XX4341 DATA: XX5065 CO: Ch JesusChrist NAME: SAVANNA BROOKE KERBY,Charitable Giving,expense,1966.31,,Withdrawal ACH Ch JesusChrist    TYPE: DONATION ID: 2870834341    DATA: 202503311205065 CO: Ch JesusChrist    NAME: SAVANNA BROOKE KERBY,goldenwest,checking
"20250401 918273 20,500 1,897,512",2025-04-01,4/1/2025,Debit,-205.0,,281669452,Withdrawal ACH Ch JesusChrist TYPE: DONATION ID: XX4341 DATA: XX5065 CO: Ch JesusChrist NAME: SAVANNA BROOKE KERBY,Charitable Giving,expense,2286.31,,Withdrawal ACH Ch JesusChrist    TYPE: DONATION ID: 2870834341    DATA: 202503311205065 CO: Ch JesusChrist NAME: SAVANNA BROOKE KERBY,goldenwest,checking
"20250401 918273 16,031 2,695,888",2025-04-01,4/1/2025,Debit,-160.31,,281669449,Walmart,Shopping,expense,1806.0,,Withdrawal POS #509100824092    WM SUPERCENTER #1768 Wal-Mart Super Center   OREM UT    Card 4143,goldenwest,checking
"20250402 918274 69 1,280,426",2025-04-02,4/2/2025,Credit,0.69,,281669448,Deposit RoundUp Deposit,Deposits,income,73.25,,Deposit RoundUp Deposit,goldenwest,credit
"20250402 918273 69 1,280,425",2025-04-02,4/2/2025,Debit,-0.69,,281669454,Withdrawal RoundUp Withdraw,ATM/Cash Withdrawals,expense,1805.31,,Withdrawal RoundUp Withdraw,goldenwest,checking
"20250404 918273 3,396 2,052,250",2025-04-04,4/4/2025,Debit,-33.96,,282024471,Ross Stores,Clothing,expense,1594.75,,Withdrawal POS #509502517903    ROSS STORES #751 OREM UT    Card 4143,goldenwest,checking
"20250404 918273 15,000 1,925,960",2025-04-04,4/4/2025,Debit,-150.0,,282024469,"Robinhood Securities, Llc",Securities Trade,expense,1655.31,,Withdrawal Debit Card Debit Card    ROBINHOOD SECURITIES ROBINHOOD.COM FL    Date 04/04/25 24000775094100029816362 6211 Card 4143,goldenwest,checking
"20250404 918273 2,660 2,021,689",2025-04-04,4/4/2025,Debit,-26.6,,282024470,Hobby Lobby,Hobbies,expense,1628.71,,Withdrawal POS #509400061811 HOBBYLOBBY 360 WEST UNIVERSITY PAR OREM UT Card 4143,goldenwest,checking
"20250405 918273 44 1,053,036",2025-04-05,4/5/2025,Debit,-0.44,,282024472,Withdrawal RoundUp Withdraw,ATM/Cash Withdrawals,expense,1594.31,,Withdrawal RoundUp Withdraw,goldenwest,checking
"20250405 918273 1,600 1,320,002",2025-04-05,4/5/2025,Debit,-16.0,,282024468,Taco Bell,Restaurants & Dining,expense,1578.31,,Withdrawal Debit Card Debit Card    TACO BELL 030457 OREM UT    Date 04/04/25 24943005095181412999727 5814 Card 4143,goldenwest,checking
"20250405 918274 44 1,053,037",2025-04-05,4/5/2025,Credit,0.44,,282024467,Deposit RoundUp Deposit,Deposits,income,73.69,,Deposit RoundUp Deposit,goldenwest,credit
"20250406 918273 101 1,300,136",2025-04-06,4/6/2025,Debit,-1.01,,282058416,"Robinhood Securities, Llc",Securities Trade,expense,1577.3,,Withdrawal Debit Card Debit Card    ROBINHOOD SECURITIES ROBINHOOD.COM FL Date 04/06/25 24000775096100018100768 6211   Card 4143,goldenwest,checking
"20250406 918273 101 1,300,145",2025-04-06,4/6/2025,Debit,-1.01,,282058417,"Robinhood Securities, Llc",Securities Trade,expense,1576.29,,Withdrawal Debit Card Debit Card    ROBINHOOD SECURITIES ROBINHOOD.COM FL    Date 04/06/25 24000775096100018017624 6211   Card 4143,goldenwest,checking
"20250406 918273 101 1,300,150",2025-04-06,4/6/2025,Debit,-1.01,,282058418,"Robinhood Securities, Llc",Securities Trade,expense,1575.28,,Withdrawal Debit Card Debit Card    ROBINHOOD SECURITIES ROBINHOOD.COM FL    Date 04/06/25 24000775096100018246017 6211   Card 4143,goldenwest,checking
"20250406 918273 101 1,300,169",2025-04-06,4/6/2025,Debit,-1.01,,282058420,"Robinhood Securities, Llc",Securities Trade,expense,1573.26,,Withdrawal Debit Card Debit Card    ROBINHOOD SECURITIES ROBINHOOD.COM FL    Date 04/06/25 24000775096100018245456 6211 Card 4143,goldenwest,checking
"20250406 918273 101 1,300,156",2025-04-06,4/6/2025,Debit,-1.01,,282058419,"Robinhood Securities, Llc",Securities Trade,expense,1574.27,,Withdrawal Debit Card Debit Card    ROBINHOOD SECURITIES ROBINHOOD.COM FL    Date 04/06/25 24000775096100018072330 6211   Card 4143,goldenwest,checking
"20250407 918273 101 1,683,186",2025-04-07,4/7/2025,Debit,-1.01,,282252779,"Robinhood Securities, Llc",Securities Trade,expense,1562.25,,Withdrawal Debit Card Debit Card    ROBINHOOD SECURITIES ROBINHOOD.COM FL    Date 04/07/25 24000775097100018179167 6211 Card 4143,goldenwest,checking
"20250407 918273 101 1,682,959",2025-04-07,4/7/2025,Debit,-1.01,,282252777,"Robinhood Securities, Llc",Securities Trade,expense,1564.27,,Withdrawal Debit Card Debit Card    ROBINHOOD SECURITIES ROBINHOOD.COM FL    Date 04/07/25 24000775097100018208792 6211   Card 4143,goldenwest,checking
"20250407 918273 101 1,682,880",2025-04-07,4/7/2025,Debit,-1.01,,282252776,"Robinhood Securities, Llc",Securities Trade,expense,1565.28,,Withdrawal Debit Card Debit Card    ROBINHOOD SECURITIES ROBINHOOD.COM FL    Date 04/07/25 24000775097100018206176 6211   Card 4143,goldenwest,checking
"20250407 918273 101 1,682,843",2025-04-07,4/7/2025,Debit,-1.01,,282252775,"Robinhood Securities, Llc",Securities Trade,expense,1566.29,,Withdrawal Debit Card Debit Card    ROBINHOOD SECURITIES ROBINHOOD.COM FL Date 04/07/25 24000775097100018250398 6211   Card 4143,goldenwest,checking
"20250407 918273 101 1,616,327",2025-04-07,4/7/2025,Debit,-1.01,,282252774,Transfer to Sofi Bank,Transfers,expense,1567.3,,Withdrawal ACH SoFi Bank    TYPE: TRANSFER ID: 9039430511 CO: SoFi Bank    NAME: Savanna Ke:67302:16937,goldenwest,checking
"20250407 918274 495 1,172,398",2025-04-07,4/7/2025,Credit,4.95,,282172187,Deposit RoundUp Deposit,Deposits,income,78.64,,Deposit RoundUp Deposit,goldenwest,credit
"20250407 918273 495 1,172,397",2025-04-07,4/7/2025,Debit,-4.95,,282172193,Withdrawal RoundUp Withdraw,ATM/Cash Withdrawals,expense,1568.31,,Withdrawal RoundUp Withdraw,goldenwest,checking
"20250407 918273 4,992 1,729,325",2025-04-07,4/7/2025,Debit,-49.92,,282328198,Maverik,Gasoline/Fuel,expense,1512.33,,Withdrawal POS #509715466794    MAVERIK #757 OREM UT    Card 4143,goldenwest,checking
"20250407 918273 101 1,683,164",2025-04-07,4/7/2025,Debit,-1.01,,282252778,"Robinhood Securities, Llc",Securities Trade,expense,1563.26,,Withdrawal Debit Card Debit Card    ROBINHOOD SECURITIES ROBINHOOD.COM FL    Date 04/07/25 24000775097100018225762 6211   Card 4143,goldenwest,checking
"20250408 993480 50,000 1,430,237",2025-04-08,4/8/2025,Debit,-500.0,,282383154,Robinhood,Securities Trade,expense,3485.77,,Withdrawal ACH ROBINHOOD TYPE: DEBITS ID: 5326394001 CO: ROBINHOOD NAME: Savanna Kerby,goldenwest,credit
"20250408 918273 101 1,730,541",2025-04-08,4/8/2025,Debit,-1.01,,282510661,"Robinhood Securities, Llc",Securities Trade,expense,1478.39,,Withdrawal Debit Card Debit Card    ROBINHOOD SECURITIES ROBINHOOD.COM FL Date 04/08/25 24000775098100022408361 6211   Card 4143,goldenwest,checking
"20250408 918273 101 1,730,558",2025-04-08,4/8/2025,Debit,-1.01,,282510662,"Robinhood Securities, Llc",Securities Trade,expense,1477.38,,Withdrawal Debit Card Debit Card    ROBINHOOD SECURITIES ROBINHOOD.COM FL    Date 04/08/25 24000775098100022348849 6211   Card 4143,goldenwest,checking
"20250408 918273 101 1,730,568",2025-04-08,4/8/2025,Debit,-1.01,,282510663,"Robinhood Securities, Llc",Securities Trade,expense,1476.37,,Withdrawal Debit Card Debit Card    ROBINHOOD SECURITIES ROBINHOOD.COM FL    Date 04/08/25 24000775098100022338311 6211   Card 4143,goldenwest,checking
"20250408 918273 101 1,730,589",2025-04-08,4/8/2025,Debit,-1.01,,282510664,"Robinhood Securities, Llc",Securities Trade,expense,1475.36,,Withdrawal Debit Card Debit Card    ROBINHOOD SECURITIES ROBINHOOD.COM FL    Date 04/08/25 24000775098100022328866 6211   Card 4143,goldenwest,checking
"20250408 918273 101 1,730,594",2025-04-08,4/8/2025,Debit,-1.01,,282510665,"Robinhood Securities, Llc",Securities Trade,expense,1474.35,,Withdrawal Debit Card Debit Card    ROBINHOOD SECURITIES ROBINHOOD.COM FL    Date 04/08/25 24000775098100022398364 6211 Card 4143,goldenwest,checking
"20250408 993480 1,500 1,207,133",2025-04-08,4/8/2025,Debit,-15.0,,282383153,Robinhood,Securities Trade,expense,3985.77,,Withdrawal ACH ROBINHOOD    TYPE: DEBITS ID: 5326394001    CO: ROBINHOOD NAME: Savanna Kerby,goldenwest,credit
"20250408 918273 2,790 952,985",2025-04-08,4/7/2025,Debit,-27.9,,282363436,Payment to T-Mobile,Telephone Services,expense,1484.43,,Withdrawal Bill Payment #509828100667 TMOBILE*PREPD AUTOPY 877-778-2106 WA Card 4143,goldenwest,checking
"20250408 918273 503 1,269,826",2025-04-08,4/8/2025,Debit,-5.03,,282383157,Withdrawal RoundUp Withdraw,ATM/Cash Withdrawals,expense,1479.4,,Withdrawal RoundUp Withdraw,goldenwest,checking
"20250408 918274 503 1,269,827",2025-04-08,4/8/2025,Credit,5.03,,282383156,Deposit RoundUp Deposit,Deposits,income,83.67,,Deposit RoundUp Deposit,goldenwest,credit
"20250409 918273 101 1,776,280",2025-04-09,4/9/2025,Debit,-1.01,,282692411,"Robinhood Securities, Llc",Securities Trade,expense,1466.37,,Withdrawal Debit Card Debit Card    ROBINHOOD SECURITIES ROBINHOOD.COM FL    Date 04/09/25 24000775099100023519801 6211   Card 4143,goldenwest,checking
"20250409 918274 495 1,302,527",2025-04-09,4/9/2025,Credit,4.95,,282614688,Deposit RoundUp Deposit,Deposits,income,88.62,,Deposit RoundUp Deposit,goldenwest,credit
"20250409 918273 495 1,302,526",2025-04-09,4/9/2025,Debit,-4.95,,282614689,Withdrawal RoundUp Withdraw,ATM/Cash Withdrawals,expense,1469.4,,Withdrawal RoundUp Withdraw,goldenwest,checking
"20250409 918273 101 1,776,253",2025-04-09,4/9/2025,Debit,-1.01,,282692409,"Robinhood Securities, Llc",Securities Trade,expense,1468.39,,Withdrawal Debit Card Debit Card    ROBINHOOD SECURITIES ROBINHOOD.COM FL Date 04/09/25 24000775099100023800185 6211   Card 4143,goldenwest,checking
"20250409 918273 101 1,776,269",2025-04-09,4/9/2025,Debit,-1.01,,282692410,"Robinhood Securities, Llc",Securities Trade,expense,1467.38,,Withdrawal Debit Card Debit Card    ROBINHOOD SECURITIES ROBINHOOD.COM FL    Date 04/09/25 24000775099100023579813 6211   Card 4143,goldenwest,checking
"20250409 918273 37 1,891,514",2025-04-09,4/9/2025,Debit,-0.37,,282740453,Recurring Withdrawal Card Fee VISA INTERNATIONAL SERVICE ASSESSMENT Date Card 4143,Service Charges & Fees,expense,1426.98,,Recurring Withdrawal Card Fee    VISA INTERNATIONAL SERVICE ASSESSMENT    Date 04/09/25    Card 4143,goldenwest,checking
"20250409 918273 101 1,776,290",2025-04-09,4/9/2025,Debit,-1.01,,282692412,"Robinhood Securities, Llc",Securities Trade,expense,1465.36,,Withdrawal Debit Card Debit Card    ROBINHOOD SECURITIES ROBINHOOD.COM FL    Date 04/09/25 24000775099100023671073 6211   Card 4143,goldenwest,checking
"20250409 918273 101 1,776,296",2025-04-09,4/9/2025,Debit,-1.01,,282692413,"Robinhood Securities, Llc",Securities Trade,expense,1464.35,,Withdrawal Debit Card Debit Card    ROBINHOOD SECURITIES ROBINHOOD.COM FL    Date 04/09/25 24000775099100023519611 6211 Card 4143,goldenwest,checking
"20250409 918273 3,700 1,891,510",2025-04-09,4/9/2025,Debit,-37.0,,282740454,Recurring Withdrawal EBOOK ACCADEMY LONDON GB Date XX 5977 Card 4143,Hobbies,expense,1427.35,,Recurring Withdrawal Debit Card Debit Card   EBOOK ACCADEMY LONDON GB    Date 04/09/25 74208475100100001526124 5977   Card 4143,goldenwest,checking
"20250410 918273 101 1,846,993",2025-04-10,4/10/2025,Debit,-1.01,,282898139,"Robinhood Securities, Llc",Securities Trade,expense,1419.0,,Withdrawal Debit Card Debit Card    ROBINHOOD SECURITIES ROBINHOOD.COM FL    Date 04/10/25 24000775100100028389785 6211   Card 4143,goldenwest,checking
"20250410 918273 101 1,846,985",2025-04-10,4/10/2025,Debit,-1.01,,282898138,"Robinhood Securities, Llc",Securities Trade,expense,1420.01,,Withdrawal Debit Card Debit Card    ROBINHOOD SECURITIES ROBINHOOD.COM FL    Date 04/10/25 24000775100100028359374 6211   Card 4143,goldenwest,checking
"20250410 918273 101 1,840,622",2025-04-10,4/10/2025,Debit,-1.01,,282898137,"Robinhood Securities, Llc",Securities Trade,expense,1421.02,,Withdrawal Debit Card Debit Card    ROBINHOOD SECURITIES ROBINHOOD.COM FL Date 04/10/25 24000775100100028470288 6211   Card 4143,goldenwest,checking
"20250410 918273 495 1,306,029",2025-04-10,4/10/2025,Debit,-4.95,,282768875,Withdrawal RoundUp Withdraw,ATM/Cash Withdrawals,expense,1422.03,,Withdrawal RoundUp Withdraw,goldenwest,checking
"20250410 918273 2,643 1,909,598",2025-04-10,4/10/2025,Debit,-26.43,,282943037,Roxberry Juice Co.,Restaurants & Dining,expense,1390.55,,Withdrawal Debit Card Debit Card    Roxberry Juice West Or Orem UT    Date 04/11/25 24793385100004147561093 5812 Card 4143,goldenwest,checking
"20250410 918273 101 1,847,038",2025-04-10,4/10/2025,Debit,-1.01,,282898140,"Robinhood Securities, Llc",Securities Trade,expense,1417.99,,Withdrawal Debit Card Debit Card    ROBINHOOD SECURITIES ROBINHOOD.COM FL    Date 04/10/25 24000775100100028427387 6211   Card 4143,goldenwest,checking
"20250410 918274 495 1,306,030",2025-04-10,4/10/2025,Credit,4.95,,282768874,Deposit RoundUp Deposit,Deposits,income,93.57,,Deposit RoundUp Deposit,goldenwest,credit
"20250410 918273 101 1,847,048",2025-04-10,4/10/2025,Debit,-1.01,,282898141,"Robinhood Securities, Llc",Securities Trade,expense,1416.98,,Withdrawal Debit Card Debit Card    ROBINHOOD SECURITIES ROBINHOOD.COM FL    Date 04/10/25 24000775100100028399875 6211 Card 4143,goldenwest,checking
"20250411 918273 53,319 1,271,088",2025-04-11,4/11/2025,Credit,533.19,,282966892,Salary/Regular Income from Goldenwest Credit Union,Paychecks/Salary,income,1923.74,,Deposit ACH GOLDENWEST CREDI TYPE: Payroll ID: 324377613 CO: GOLDENWEST CREDI,goldenwest,checking
"20250411 918273 552 1,308,447",2025-04-11,4/11/2025,Debit,-5.52,,282966893,Withdrawal RoundUp Withdraw,ATM/Cash Withdrawals,expense,1918.22,,Withdrawal RoundUp Withdraw,goldenwest,checking
"20250411 918273 1,583 1,749,962",2025-04-11,4/11/2025,Debit,-15.83,,283116664,Taco Bell,Restaurants & Dining,expense,1902.39,,Withdrawal Debit Card Debit Card    TACO BELL 025390 PROVO UT    Date 04/10/25 24943005101185230383685 5814 Card 4143,goldenwest,checking
"20250411 918274 552 1,308,448",2025-04-11,4/11/2025,Credit,5.52,,282966910,Deposit RoundUp Deposit,Deposits,income,99.09,,Deposit RoundUp Deposit,goldenwest,credit
"20250411 993480 2,500 1,508,849",2025-04-11,4/11/2025,Debit,-25.0,,283051298,Robinhood,Securities Trade,expense,3460.77,,Withdrawal ACH ROBINHOOD    TYPE: DEBITS ID: 5326394001    CO: ROBINHOOD NAME: Savanna Kerby,goldenwest,credit
"20250411 993480 4,000 1,508,853",2025-04-11,4/11/2025,Debit,-40.0,,283051299,Robinhood,Securities Trade,expense,3420.77,,Withdrawal ACH ROBINHOOD    TYPE: DEBITS ID: 5326394001    CO: ROBINHOOD NAME: Savanna Kerby,goldenwest,credit
"20250411 993480 32,490 1,508,857",2025-04-11,4/11/2025,Debit,-324.9,,283051300,Robinhood,Securities Trade,expense,3095.87,,Withdrawal ACH ROBINHOOD TYPE: DEBITS ID: 5326394001 CO: ROBINHOOD NAME: Savanna Kerby,goldenwest,credit
"20250412 918273 101 926,049",2025-04-12,4/11/2025,Debit,-1.01,,283179709,"Robinhood Securities, Llc",Securities Trade,expense,1901.38,,Withdrawal Debit Card Debit Card ROBINHOOD SECURITIES ROBINHOOD.COM FL Date 04/12/25 24000775102100005538931 6211   Card 4143,goldenwest,checking
"20250412 918273 101 926,086",2025-04-12,4/11/2025,Debit,-1.01,,283179710,"Robinhood Securities, Llc",Securities Trade,expense,1900.37,,Withdrawal Debit Card Debit Card    ROBINHOOD SECURITIES ROBINHOOD.COM FL    Date 04/12/25 24000775102100005567914 6211   Card 4143,goldenwest,checking
"20250412 918273 101 926,132",2025-04-12,4/11/2025,Debit,-1.01,,283179711,"Robinhood Securities, Llc",Securities Trade,expense,1899.36,,Withdrawal Debit Card Debit Card    ROBINHOOD SECURITIES ROBINHOOD.COM FL    Date 04/12/25 24000775102100005529641 6211   Card 4143,goldenwest,checking
"20250412 918273 101 926,153",2025-04-12,4/11/2025,Debit,-1.01,,283179712,"Robinhood Securities, Llc",Securities Trade,expense,1898.35,,Withdrawal Debit Card Debit Card    ROBINHOOD SECURITIES ROBINHOOD.COM FL    Date 04/12/25 24000775102100005660917 6211   Card 4143,goldenwest,checking
"20250412 918273 101 926,186",2025-04-12,4/11/2025,Debit,-1.01,,283179713,"Robinhood Securities, Llc",Securities Trade,expense,1897.34,,Withdrawal Debit Card Debit Card    ROBINHOOD SECURITIES ROBINHOOD.COM FL    Date 04/12/25 24000775102100005596194 6211 Card 4143,goldenwest,checking
"20250412 918274 17 1,083,027",2025-04-12,4/12/2025,Credit,0.17,,283179708,Deposit RoundUp Deposit,Deposits,income,99.26,,Deposit RoundUp Deposit,goldenwest,credit
"20250412 918273 7,032 1,503,449",2025-04-12,4/12/2025,Debit,-70.32,,283309261,The Home Depot,Home Supplies,expense,1826.85,,Withdrawal POS #510300702296    THE HOME DEPOT #4407 LINDON UT Card 4143,goldenwest,checking
"20250412 918273 17 1,083,026",2025-04-12,4/12/2025,Debit,-0.17,,283179714,Withdrawal RoundUp Withdraw,ATM/Cash Withdrawals,expense,1897.17,,Withdrawal RoundUp Withdraw,goldenwest,checking
"20250413 918273 101 921,017",2025-04-13,4/12/2025,Debit,-1.01,,283325652,"Robinhood Securities, Llc",Securities Trade,expense,1823.82,,Withdrawal Debit Card Debit Card    ROBINHOOD SECURITIES ROBINHOOD.COM FL    Date 04/13/25 24000775103100004934957 6211   Card 4143,goldenwest,checking
"20250413 918274 563 1,057,674",2025-04-13,4/13/2025,Credit,5.63,,283347686,Deposit RoundUp Deposit,Deposits,income,104.89,,Deposit RoundUp Deposit,goldenwest,credit
"20250413 918273 101 921,007",2025-04-13,4/12/2025,Debit,-1.01,,283325650,"Robinhood Securities, Llc",Securities Trade,expense,1825.84,,Withdrawal Debit Card Debit Card ROBINHOOD SECURITIES ROBINHOOD.COM FL Date 04/13/25 24000775103100004905254 6211   Card 4143,goldenwest,checking
"20250413 918273 101 921,012",2025-04-13,4/12/2025,Debit,-1.01,,283325651,"Robinhood Securities, Llc",Securities Trade,expense,1824.83,,Withdrawal Debit Card Debit Card    ROBINHOOD SECURITIES ROBINHOOD.COM FL Date 04/13/25 24000775103100004925732 6211   Card 4143,goldenwest,checking
"20250413 918273 101 921,022",2025-04-13,4/12/2025,Debit,-1.01,,283325653,"Robinhood Securities, Llc",Securities Trade,expense,1822.81,,Withdrawal Debit Card Debit Card    ROBINHOOD SECURITIES ROBINHOOD.COM FL    Date 04/13/25 24000775103100004925690 6211   Card 4143,goldenwest,checking
"20250413 918273 101 921,027",2025-04-13,4/12/2025,Debit,-1.01,,283325654,"Robinhood Securities, Llc",Securities Trade,expense,1821.8,,Withdrawal Debit Card Debit Card    ROBINHOOD SECURITIES ROBINHOOD.COM FL    Date 04/13/25 24000775103100004885415 6211 Card 4143,goldenwest,checking
"20250413 918273 563 1,057,673",2025-04-13,4/13/2025,Debit,-5.63,,283347687,Withdrawal RoundUp Withdraw,ATM/Cash Withdrawals,expense,1816.17,,Withdrawal RoundUp Withdraw,goldenwest,checking
"20250414 918274 495 1,192,112",2025-04-14,4/14/2025,Credit,4.95,,283506504,Deposit RoundUp Deposit,Deposits,income,109.84,,Deposit RoundUp Deposit,goldenwest,credit
"20250414 918273 495 1,192,111",2025-04-14,4/14/2025,Debit,-4.95,,283506506,Withdrawal RoundUp Withdraw,ATM/Cash Withdrawals,expense,1811.22,,Withdrawal RoundUp Withdraw,goldenwest,checking
"20250415 918273 1,547 2,114,821",2025-04-15,4/15/2025,Debit,-15.47,,283901340,Walmart,Shopping,expense,1039.92,,Withdrawal POS #510500872076    WM SUPERCENTER #1768 Wal-Mart Super Center   OREM UT    Card 4143,goldenwest,checking
"20250415 918273 22,777 2,104,896",2025-04-15,4/15/2025,Debit,-227.77,,283901342,Payment to Perks,Insurance,expense,1055.39,,Withdrawal Debit Card Debit Card    LIFE STARFISH PERKS SC 919-817-4335 NC    Date 04/13/25 24707805105030045007555 2741   Card 4143,goldenwest,checking
"20250415 918273 2,301 1,962,427",2025-04-15,4/15/2025,Debit,-23.01,,283901341,Withdrawal #XX5691 OAK HILLS PHARMACY PROVO UT Card 4143,Healthcare & Pharmacy,expense,1283.16,,Withdrawal POS #510523295691    OAK HILLS PHARMACY PROVO UT    Card 4143,goldenwest,checking
"20250415 918273 50,000 1,467,522",2025-04-15,4/15/2025,Debit,-500.0,,283837097,Withdrawal ACH LIFE STARFISH TYPE: ID: 9xx0086U01 DATA: 2XX2000S86U01 CO: LIFE STARFISH NAME: Savanna Kerby,Groceries,expense,1306.17,,Withdrawal ACH LIFE STARFISH    TYPE: PURCHASE ID: 9000086U01    DATA: 20250414102000S86U01 CO: LIFE STARFISH NAME: Savanna Kerby,goldenwest,checking
"20250415 918273 101 967,722",2025-04-15,4/15/2025,Debit,-1.01,,283710805,"Robinhood Securities, Llc",Securities Trade,expense,1806.17,,Withdrawal Debit Card Debit Card    ROBINHOOD SECURITIES ROBINHOOD.COM FL    Date 04/15/25 24000775105100008638586 6211 Card 4143,goldenwest,checking
"20250415 918273 101 967,717",2025-04-15,4/15/2025,Debit,-1.01,,283710804,"Robinhood Securities, Llc",Securities Trade,expense,1807.18,,Withdrawal Debit Card Debit Card    ROBINHOOD SECURITIES ROBINHOOD.COM FL    Date 04/15/25 24000775105100008664756 6211   Card 4143,goldenwest,checking
"20250415 918273 101 967,707",2025-04-15,4/15/2025,Debit,-1.01,,283710802,"Robinhood Securities, Llc",Securities Trade,expense,1809.2,,Withdrawal Debit Card Debit Card    ROBINHOOD SECURITIES ROBINHOOD.COM FL Date 04/15/25 24000775105100008732165 6211   Card 4143,goldenwest,checking
"20250415 918273 101 967,701",2025-04-15,4/15/2025,Debit,-1.01,,283710801,"Robinhood Securities, Llc",Securities Trade,expense,1810.21,,Withdrawal Debit Card Debit Card ROBINHOOD SECURITIES ROBINHOOD.COM FL Date 04/15/25 24000775105100008732157 6211   Card 4143,goldenwest,checking
"20250415 993480 4,000 1,467,518",2025-04-15,4/15/2025,Debit,-40.0,,283837098,Robinhood,Securities Trade,expense,3055.87,,Withdrawal ACH ROBINHOOD TYPE: DEBITS ID: 5326394001 CO: ROBINHOOD NAME: Savanna Kerby,goldenwest,credit
"20250415 918273 101 967,712",2025-04-15,4/15/2025,Debit,-1.01,,283710803,"Robinhood Securities, Llc",Securities Trade,expense,1808.19,,Withdrawal Debit Card Debit Card    ROBINHOOD SECURITIES ROBINHOOD.COM FL    Date 04/15/25 24000775105100008790858 6211   Card 4143,goldenwest,checking
"20250416 918274 670 1,318,530",2025-04-16,4/16/2025,Credit,6.7,,283965759,Deposit RoundUp Deposit,Deposits,income,116.54,,Deposit RoundUp Deposit,goldenwest,credit
"20250416 918273 670 1,318,529",2025-04-16,4/16/2025,Debit,-6.7,,283965760,Withdrawal RoundUp Withdraw,ATM/Cash Withdrawals,expense,1033.22,,Withdrawal RoundUp Withdraw,goldenwest,checking
"20250416 918273 6,447 1,931,822",2025-04-16,4/16/2025,Debit,-64.47,,284140670,Payment to Perks,Insurance,expense,968.75,,Withdrawal Debit Card Debit Card    LIFE STARFISH PERKS 919-817-4335 NC    Date 04/15/25 24707805106030047117997 2741 Card 4143,goldenwest,checking
"20250417 918273 101 1,976,497",2025-04-17,4/17/2025,Debit,-1.01,,284333046,"Robinhood Securities, Llc",Securities Trade,expense,961.15,,Withdrawal Debit Card Debit Card    ROBINHOOD SECURITIES ROBINHOOD.COM FL    Date 04/18/25 24000775108100009281995 6211   Card 4143,goldenwest,checking
"20250417 918273 101 1,976,461",2025-04-17,4/17/2025,Debit,-1.01,,284333045,"Robinhood Securities, Llc",Securities Trade,expense,962.16,,Withdrawal Debit Card Debit Card ROBINHOOD SECURITIES ROBINHOOD.COM FL Date 04/18/25 24000775108100009221397 6211   Card 4143,goldenwest,checking
"20250417 918273 53 1,284,490",2025-04-17,4/17/2025,Debit,-0.53,,284170157,Withdrawal RoundUp Withdraw,ATM/Cash Withdrawals,expense,963.17,,Withdrawal RoundUp Withdraw,goldenwest,checking
"20250417 918273 101 926,577",2025-04-17,4/16/2025,Debit,-1.01,,284140675,"Robinhood Securities, Llc",Securities Trade,expense,963.7,,Withdrawal Debit Card Debit Card    ROBINHOOD SECURITIES ROBINHOOD.COM FL    Date 04/17/25 24000775107100006172206 6211 Card 4143,goldenwest,checking
"20250417 918273 101 926,535",2025-04-17,4/16/2025,Debit,-1.01,,284140671,"Robinhood Securities, Llc",Securities Trade,expense,967.74,,Withdrawal Debit Card Debit Card ROBINHOOD SECURITIES ROBINHOOD.COM FL Date 04/17/25 24000775107100005977928 6211   Card 4143,goldenwest,checking
"20250417 918273 101 926,557",2025-04-17,4/16/2025,Debit,-1.01,,284140673,"Robinhood Securities, Llc",Securities Trade,expense,965.72,,Withdrawal Debit Card Debit Card    ROBINHOOD SECURITIES ROBINHOOD.COM FL    Date 04/17/25 24000775107100006136409 6211   Card 4143,goldenwest,checking
"20250417 918273 101 926,552",2025-04-17,4/16/2025,Debit,-1.01,,284140672,"Robinhood Securities, Llc",Securities Trade,expense,966.73,,Withdrawal Debit Card Debit Card ROBINHOOD SECURITIES ROBINHOOD.COM FL Date 04/17/25 24000775107100006045253 6211   Card 4143,goldenwest,checking
"20250417 918274 53 1,284,491",2025-04-17,4/17/2025,Credit,0.53,,284170160,Deposit RoundUp Deposit,Deposits,income,117.07,,Deposit RoundUp Deposit,goldenwest,credit
"20250417 918273 101 926,567",2025-04-17,4/16/2025,Debit,-1.01,,284140674,"Robinhood Securities, Llc",Securities Trade,expense,964.71,,Withdrawal Debit Card Debit Card    ROBINHOOD SECURITIES ROBINHOOD.COM FL    Date 04/17/25 24000775107100006136383 6211   Card 4143,goldenwest,checking
"20250417 918273 101 1,976,508",2025-04-17,4/17/2025,Debit,-1.01,,284333048,"Robinhood Securities, Llc",Securities Trade,expense,959.13,,Withdrawal Debit Card Debit Card    ROBINHOOD SECURITIES ROBINHOOD.COM FL    Date 04/18/25 24000775108100009173218 6211   Card 4143,goldenwest,checking
"20250417 918273 101 1,976,503",2025-04-17,4/17/2025,Debit,-1.01,,284333047,"Robinhood Securities, Llc",Securities Trade,expense,960.14,,Withdrawal Debit Card Debit Card    ROBINHOOD SECURITIES ROBINHOOD.COM FL    Date 04/18/25 24000775108100009221447 6211   Card 4143,goldenwest,checking
"20250417 918273 101 1,976,513",2025-04-17,4/17/2025,Debit,-1.01,,284333049,"Robinhood Securities, Llc",Securities Trade,expense,958.12,,Withdrawal Debit Card Debit Card    ROBINHOOD SECURITIES ROBINHOOD.COM FL    Date 04/18/25 24000775108100009291580 6211 Card 4143,goldenwest,checking
"20250418 918273 990 1,299,313",2025-04-18,4/18/2025,Debit,-9.9,,284358193,Withdrawal RoundUp Withdraw,ATM/Cash Withdrawals,expense,948.22,,Withdrawal RoundUp Withdraw,goldenwest,checking
"20250418 918274 990 1,299,314",2025-04-18,4/18/2025,Credit,9.9,,284358191,Deposit RoundUp Deposit,Deposits,income,126.97,,Deposit RoundUp Deposit,goldenwest,credit
"20250420 918273 101 916,802",2025-04-20,4/19/2025,Debit,-1.01,,284717321,"Robinhood Securities, Llc",Securities Trade,expense,947.21,,Withdrawal Debit Card Debit Card ROBINHOOD SECURITIES ROBINHOOD.COM FL Date 04/20/25 24000775110100004270148 6211   Card 4143,goldenwest,checking
"20250420 918273 101 916,808",2025-04-20,4/19/2025,Debit,-1.01,,284717322,"Robinhood Securities, Llc",Securities Trade,expense,946.2,,Withdrawal Debit Card Debit Card    ROBINHOOD SECURITIES ROBINHOOD.COM FL Date 04/20/25 24000775110100004181873 6211   Card 4143,goldenwest,checking
"20250420 918273 101 916,817",2025-04-20,4/19/2025,Debit,-1.01,,284717323,"Robinhood Securities, Llc",Securities Trade,expense,945.19,,Withdrawal Debit Card Debit Card    ROBINHOOD SECURITIES ROBINHOOD.COM FL    Date 04/20/25 24000775110100004144806 6211   Card 4143,goldenwest,checking
"20250420 918273 101 916,822",2025-04-20,4/19/2025,Debit,-1.01,,284717324,"Robinhood Securities, Llc",Securities Trade,expense,944.18,,Withdrawal Debit Card Debit Card    ROBINHOOD SECURITIES ROBINHOOD.COM FL    Date 04/20/25 24000775110100004222370 6211   Card 4143,goldenwest,checking
"20250420 918273 101 916,842",2025-04-20,4/19/2025,Debit,-1.01,,284717325,"Robinhood Securities, Llc",Securities Trade,expense,943.17,,Withdrawal Debit Card Debit Card    ROBINHOOD SECURITIES ROBINHOOD.COM FL    Date 04/20/25 24000775110100004211779 6211 Card 4143,goldenwest,checking
"20250421 918274 495 1,171,196",2025-04-21,4/21/2025,Credit,4.95,,284839444,Deposit RoundUp Deposit,Deposits,income,131.92,,Deposit RoundUp Deposit,goldenwest,credit
"20250421 918273 367 1,737,466",2025-04-21,4/21/2025,Debit,-3.67,,284981734,Walmart,Shopping,expense,740.5,,Withdrawal POS #511100201735    WM SUPERCENTER #1768 Wal-Mart Super Center   OREM UT    Card 4143,goldenwest,checking
"20250421 918273 101 1,215,552",2025-04-21,4/21/2025,Debit,-1.01,,284915190,"Robinhood Securities, Llc",Securities Trade,expense,744.17,,Withdrawal Debit Card Debit Card    ROBINHOOD SECURITIES ROBINHOOD.COM FL    Date 04/21/25 24000775111100005797783 6211 Card 4143,goldenwest,checking
"20250421 918273 101 1,215,445",2025-04-21,4/21/2025,Debit,-1.01,,284915189,"Robinhood Securities, Llc",Securities Trade,expense,745.18,,Withdrawal Debit Card Debit Card    ROBINHOOD SECURITIES ROBINHOOD.COM FL    Date 04/21/25 24000775111100005798583 6211   Card 4143,goldenwest,checking
"20250421 918273 101 1,215,042",2025-04-21,4/21/2025,Debit,-1.01,,284915187,"Robinhood Securities, Llc",Securities Trade,expense,747.2,,Withdrawal Debit Card Debit Card    ROBINHOOD SECURITIES ROBINHOOD.COM FL    Date 04/21/25 24000775111100005807707 6211   Card 4143,goldenwest,checking
"20250421 918273 101 1,215,000",2025-04-21,4/21/2025,Debit,-1.01,,284915186,"Robinhood Securities, Llc",Securities Trade,expense,748.21,,Withdrawal Debit Card Debit Card ROBINHOOD SECURITIES ROBINHOOD.COM FL Date 04/21/25 24000775111100005748927 6211   Card 4143,goldenwest,checking
"20250421 918273 495 1,171,195",2025-04-21,4/21/2025,Debit,-4.95,,284839446,Withdrawal RoundUp Withdraw,ATM/Cash Withdrawals,expense,749.22,,Withdrawal RoundUp Withdraw,goldenwest,checking
"20250421 918273 18,900 1,146,296",2025-04-21,4/21/2025,Debit,-189.0,,284839445,Payment to Bear River Mutual,Insurance,expense,754.17,,Withdrawal ACH Bear River    TYPE: Ins. Paymt ID: 1870114580    DATA: Insurance payment CO: Bear River,goldenwest,checking
"20250421 918273 101 1,215,062",2025-04-21,4/21/2025,Debit,-1.01,,284915188,"Robinhood Securities, Llc",Securities Trade,expense,746.19,,Withdrawal Debit Card Debit Card    ROBINHOOD SECURITIES ROBINHOOD.COM FL    Date 04/21/25 24000775111100005739553 6211   Card 4143,goldenwest,checking
"20250421 993480 101 1,146,292",2025-04-21,4/21/2025,Debit,-1.01,,284839443,Robinhood,Securities Trade,expense,3054.86,,Withdrawal ACH ROBINHOOD TYPE: DEBITS ID: 5326394001 CO: ROBINHOOD NAME: Savanna Kerby,goldenwest,credit
"20250422 918273 528 1,280,411",2025-04-22,4/22/2025,Debit,-5.28,,285060215,Withdrawal RoundUp Withdraw,ATM/Cash Withdrawals,expense,735.22,,Withdrawal RoundUp Withdraw,goldenwest,checking
"20250422 918273 50,000 1,418,567",2025-04-22,4/22/2025,Debit,-500.0,,285107687,Withdrawal ACH LIFE STARFISH TYPE: ID: 9xx0086U01 DATA: 2XX2000S86U01 CO: LIFE STARFISH NAME: Savanna Kerby,Groceries,expense,235.22,,Withdrawal ACH LIFE STARFISH    TYPE: PURCHASE ID: 9000086U01    DATA: 20250421102000S86U01 CO: LIFE STARFISH NAME: Savanna Kerby,goldenwest,checking
"20250422 918274 528 1,280,412",2025-04-22,4/22/2025,Credit,5.28,,285060210,Deposit RoundUp Deposit,Deposits,income,137.2,,Deposit RoundUp Deposit,goldenwest,credit
"20250423 918273 101 1,538,923",2025-04-23,4/23/2025,Debit,-1.01,,285295324,"Robinhood Securities, Llc",Securities Trade,expense,234.21,,Withdrawal Debit Card Debit Card ROBINHOOD SECURITIES ROBINHOOD.COM FL Date 04/23/25 24000775113100015726184 6211   Card 4143,goldenwest,checking
"20250423 918273 101 1,538,983",2025-04-23,4/23/2025,Debit,-1.01,,285295327,"Robinhood Securities, Llc",Securities Trade,expense,231.18,,Withdrawal Debit Card Debit Card    ROBINHOOD SECURITIES ROBINHOOD.COM FL    Date 04/23/25 24000775113100015646382 6211   Card 4143,goldenwest,checking
"20250423 918273 101 1,538,978",2025-04-23,4/23/2025,Debit,-1.01,,285295326,"Robinhood Securities, Llc",Securities Trade,expense,232.19,,Withdrawal Debit Card Debit Card    ROBINHOOD SECURITIES ROBINHOOD.COM FL    Date 04/23/25 24000775113100015686677 6211   Card 4143,goldenwest,checking
"20250423 918273 101 1,538,957",2025-04-23,4/23/2025,Debit,-1.01,,285295325,"Robinhood Securities, Llc",Securities Trade,expense,233.2,,Withdrawal Debit Card Debit Card    ROBINHOOD SECURITIES ROBINHOOD.COM FL    Date 04/23/25 24000775113100015596744 6211   Card 4143,goldenwest,checking
"20250423 918273 101 1,539,002",2025-04-23,4/23/2025,Debit,-1.01,,285295328,"Robinhood Securities, Llc",Securities Trade,expense,230.17,,Withdrawal Debit Card Debit Card    ROBINHOOD SECURITIES ROBINHOOD.COM FL    Date 04/23/25 24000775113100015627580 6211 Card 4143,goldenwest,checking
"20250424 918273 495 1,242,675",2025-04-24,4/24/2025,Debit,-4.95,,285453153,Withdrawal RoundUp Withdraw,ATM/Cash Withdrawals,expense,225.22,,Withdrawal RoundUp Withdraw,goldenwest,checking
"20250424 918273 2,200 1,525,186",2025-04-24,4/24/2025,Debit,-22.0,,285453154,Withdrawal Overdrawn ACH In the amount $500.00 LIFE STARFISH,Service Charges & Fees,expense,203.22,,Withdrawal Overdrawn ACH    In the amount $500.00 LIFE STARFISH,goldenwest,checking
"20250424 918274 495 1,242,676",2025-04-24,4/24/2025,Credit,4.95,,285453144,Deposit RoundUp Deposit,Deposits,income,142.15,,Deposit RoundUp Deposit,goldenwest,credit
"20250425 918273 66,169 1,287,320",2025-04-25,4/25/2025,Credit,661.69,,285635416,Salary/Regular Income from Goldenwest Credit Union,Paychecks/Salary,income,864.91,,Deposit ACH GOLDENWEST CREDI TYPE: Payroll ID: 324377613 CO: GOLDENWEST CREDI,goldenwest,checking
"20250426 918273 101 1,696,896",2025-04-26,4/26/2025,Debit,-1.01,,285978868,"Robinhood Securities, Llc",Securities Trade,expense,863.9,,Withdrawal Debit Card Debit Card    ROBINHOOD SECURITIES ROBINHOOD.COM FL    Date 04/27/25 24000775117100004602202 6211   Card 4143,goldenwest,checking
"20250426 918273 101 1,696,901",2025-04-26,4/26/2025,Debit,-1.01,,285978869,"Robinhood Securities, Llc",Securities Trade,expense,862.89,,Withdrawal Debit Card Debit Card    ROBINHOOD SECURITIES ROBINHOOD.COM FL    Date 04/27/25 24000775117100004631961 6211   Card 4143,goldenwest,checking
"20250426 918273 101 1,697,036",2025-04-26,4/26/2025,Debit,-1.01,,285978870,"Robinhood Securities, Llc",Securities Trade,expense,861.88,,Withdrawal Debit Card Debit Card    ROBINHOOD SECURITIES ROBINHOOD.COM FL    Date 04/27/25 24000775117100004506692 6211   Card 4143,goldenwest,checking
"20250426 918273 101 1,697,240",2025-04-26,4/26/2025,Debit,-1.01,,285978871,"Robinhood Securities, Llc",Securities Trade,expense,860.87,,Withdrawal Debit Card Debit Card    ROBINHOOD SECURITIES ROBINHOOD.COM FL    Date 04/27/25 24000775117100004602491 6211 Card 4143,goldenwest,checking
"20250427 993480 100,000 1,485,334",2025-04-27,4/27/2025,Debit,-1000.0,,286097826,Withdrawal Home Banking Transfer To Share 0090,Transfers,expense,2054.86,,Withdrawal Home Banking Transfer To Share 0090,goldenwest,credit
"20250427 918274 396 1,053,789",2025-04-27,4/27/2025,Credit,3.96,,285995223,Deposit RoundUp Deposit,Deposits,income,146.11,,Deposit RoundUp Deposit,goldenwest,credit
"20250427 918273 2,148 1,532,015",2025-04-27,4/27/2025,Debit,-21.48,,286113144,Recurring Withdrawal #XX8257 GOOGLE *Dancefitme Fun XX-3987 CA Card 4143,Online Services,expense,1834.42,,Recurring Withdrawal Bill Payment #511725108257 GOOGLE *Dancefitme Fun 855-836-3987 CA Card 4143,goldenwest,checking
"20250427 918273 100,000 1,485,333",2025-04-27,4/27/2025,Credit,1000.0,,286097827,Deposit Home Banking Transfer From Share 0004,Deposits,income,1855.9,,Deposit Home Banking Transfer From Share 0004,goldenwest,checking
"20250427 918273 396 1,053,788",2025-04-27,4/27/2025,Debit,-3.96,,285995226,Withdrawal RoundUp Withdraw,ATM/Cash Withdrawals,expense,855.9,,Withdrawal RoundUp Withdraw,goldenwest,checking
"20250427 918273 101 901,709",2025-04-27,4/26/2025,Debit,-1.01,,285995225,"Robinhood Securities, Llc",Securities Trade,expense,859.86,,Withdrawal Debit Card Debit Card    ROBINHOOD SECURITIES ROBINHOOD.COM FL    Date 04/27/25 24000775117100004660176 6211 Card 4143,goldenwest,checking
"20250428 918273 99 1,163,188",2025-04-28,4/28/2025,Debit,-0.99,,286129222,Withdrawal RoundUp Withdraw,ATM/Cash Withdrawals,expense,1833.43,,Withdrawal RoundUp Withdraw,goldenwest,checking
"20250428 918274 99 1,163,189",2025-04-28,4/28/2025,Credit,0.99,,286129221,Deposit RoundUp Deposit,Deposits,income,147.1,,Deposit RoundUp Deposit,goldenwest,credit
"20250428 918273 50,000 1,404,532",2025-04-28,4/28/2025,Debit,-500.0,,286191668,Withdrawal ACH LIFE STARFISH TYPE: ID: 9xx0086U01 DATA: 2XX0001S86U01 CO: LIFE STARFISH NAME: Savanna Kerby,Groceries,expense,1328.38,,Withdrawal ACH LIFE STARFISH    TYPE: PURCHASE ID: 9000086U01    DATA: 20250427070001S86U01 CO: LIFE STARFISH NAME: Savanna Kerby,goldenwest,checking
"20250428 918273 101 1,206,852",2025-04-28,4/28/2025,Debit,-1.01,,286191667,"Robinhood Securities, Llc",Securities Trade,expense,1828.38,,Withdrawal Debit Card Debit Card    ROBINHOOD SECURITIES ROBINHOOD.COM FL    Date 04/28/25 24000775118100006524668 6211 Card 4143,goldenwest,checking
"20250428 918273 101 1,206,828",2025-04-28,4/28/2025,Debit,-1.01,,286191666,"Robinhood Securities, Llc",Securities Trade,expense,1829.39,,Withdrawal Debit Card Debit Card    ROBINHOOD SECURITIES ROBINHOOD.COM FL    Date 04/28/25 24000775118100006592525 6211   Card 4143,goldenwest,checking
"20250428 918273 101 1,206,642",2025-04-28,4/28/2025,Debit,-1.01,,286191663,"Robinhood Securities, Llc",Securities Trade,expense,1831.41,,Withdrawal Debit Card Debit Card    ROBINHOOD SECURITIES ROBINHOOD.COM FL    Date 04/28/25 24000775118100006601540 6211   Card 4143,goldenwest,checking
"20250428 918273 101 1,206,427",2025-04-28,4/28/2025,Debit,-1.01,,286191662,"Robinhood Securities, Llc",Securities Trade,expense,1832.42,,Withdrawal Debit Card Debit Card    ROBINHOOD SECURITIES ROBINHOOD.COM FL Date 04/28/25 24000775118100006487163 6211   Card 4143,goldenwest,checking
"20250428 918273 101 1,206,802",2025-04-28,4/28/2025,Debit,-1.01,,286191665,"Robinhood Securities, Llc",Securities Trade,expense,1830.4,,Withdrawal Debit Card Debit Card    ROBINHOOD SECURITIES ROBINHOOD.COM FL    Date 04/28/25 24000775118100006506772 6211   Card 4143,goldenwest,checking
"20250429 918273 495 1,267,298",2025-04-29,4/29/2025,Debit,-4.95,,286363390,Withdrawal RoundUp Withdraw,ATM/Cash Withdrawals,expense,1323.43,,Withdrawal RoundUp Withdraw,goldenwest,checking
"20250429 918274 495 1,267,299",2025-04-29,4/29/2025,Credit,4.95,,286363389,Deposit RoundUp Deposit,Deposits,income,152.05,,Deposit RoundUp Deposit,goldenwest,credit
"20250430 918274 55 3,148,806",2025-04-30,4/30/2025,Credit,0.55,,286792392,Deposit Dividend Annual Percentage Yield Earned 6.16% from 04/01/25 through 04/30/25,Investment Income,income,152.6,,Deposit Dividend    Annual Percentage Yield Earned 6.16% from 04/01/25 through 04/30/25,goldenwest,credit
"20250430 918273 5 3,148,819",2025-04-30,4/30/2025,Credit,0.05,,286792394,Deposit Dividend Annual Percentage Yield Earned 0.05% from 04/01/25 through 04/30/25,Investment Income,income,1323.48,,Deposit Dividend    Annual Percentage Yield Earned 0.05% from 04/01/25 through 04/30/25,goldenwest,checking
"20250430 993480 262 3,148,796",2025-04-30,4/30/2025,Credit,2.62,,286792393,Deposit Dividend Annual Percentage Yield Earned 1.00% from 04/01/25 through 04/30/25,Investment Income,income,2057.48,,Deposit Dividend    Annual Percentage Yield Earned 1.00% from 04/01/25 through 04/30/25,goldenwest,credit
"20250501 918273 36,000 2,767,001",2025-05-01,5/1/2025,Debit,-360.0,,287107569,Withdrawal GDP*CROSSPOINTE DENTAL IN OREM UT Date XX 8021 Card 4143,Healthcare & Pharmacy,expense,963.48,,Withdrawal Debit Card Debit Card    GDP*CROSSPOINTE DENTAL IN OREM UT    Date 05/01/25 24755425121181211235013 8021 Card 4143,goldenwest,checking
"20250504 918273 1,131 931,253",2025-05-04,5/3/2025,Debit,-11.31,,287535205,Jacksons Food Stores,Groceries,expense,952.17,,Withdrawal POS #512401760747    JACKSONS FOOD ST OREM UT    Card 4143,goldenwest,checking
"20250505 918273 15,800 1,151,851",2025-05-05,5/5/2025,Debit,-158.0,,287717922,"Withdrawal ACH BYU TYPE: MFC eCheck ID: XX7280 CO: BYU DATA: BYU_PROD NAME: KERBY, SAVANNA BROOKE",Other Expenses,expense,794.17,,"Withdrawal ACH BYU    TYPE: MFC eCheck ID: 9870217280 CO: BYU    DATA: BYU_PROD    NAME: KERBY, SAVANNA BROOKE",goldenwest,checking
"20250505 918273 69 1,184,565",2025-05-05,5/5/2025,Debit,-0.69,,287717923,Withdrawal RoundUp Withdraw,ATM/Cash Withdrawals,expense,793.48,,Withdrawal RoundUp Withdraw,goldenwest,checking
"20250505 918273 1,297 1,263,831",2025-05-05,5/5/2025,Debit,-12.97,,287717924,Cold Stone Creamery,Restaurants & Dining,expense,780.51,,Withdrawal Debit Card Debit Card    COLDSTONE #80 PROVO UT    Date 05/04/25 24138295125112121224871 5814 Card 4143,goldenwest,checking
"20250505 918274 69 1,184,566",2025-05-05,5/5/2025,Credit,0.69,,287717920,Deposit RoundUp Deposit,Deposits,income,153.29,,Deposit RoundUp Deposit,goldenwest,credit
"20250506 918273 3 1,219,463",2025-05-06,5/6/2025,Debit,-0.03,,287953229,Withdrawal RoundUp Withdraw,ATM/Cash Withdrawals,expense,780.48,,Withdrawal RoundUp Withdraw,goldenwest,checking
"20250506 918274 3 1,219,464",2025-05-06,5/6/2025,Credit,0.03,,287953239,Deposit RoundUp Deposit,Deposits,income,153.32,,Deposit RoundUp Deposit,goldenwest,credit
"20250507 918273 9,241 1,744,893",2025-05-07,5/7/2025,Debit,-92.41,,288302338,Costco,Shopping,expense,635.09,,Withdrawal POS #512717615932 COSTCO WHSE #1118 SPANISH FORK UT Card 4143,goldenwest,checking
"20250507 918273 753 1,749,465",2025-05-07,5/7/2025,Debit,-7.53,,288302339,Costco,Shopping,expense,627.56,,Withdrawal POS #512717619077    COSTCO WHSE #1118 SPANISH FORK UT Card 4143,goldenwest,checking
"20250507 918273 5,298 1,729,299",2025-05-07,5/7/2025,Debit,-52.98,,288302337,Costco Gas Stations,Gasoline/Fuel,expense,727.5,,Withdrawal POS #512717530323 COSTCO GAS #1118 SPANISH FORK UT Card 4143,goldenwest,checking
"20250508 918273 2,790 946,927",2025-05-08,5/7/2025,Debit,-27.9,,288370786,Payment to T-Mobile,Telephone Services,expense,599.66,,Withdrawal Bill Payment #512825104725 TMOBILE*PREPD AUTOPY 877-778-2106 WA Card 4143,goldenwest,checking
"20250508 918274 108 1,273,251",2025-05-08,5/8/2025,Credit,1.08,,288370785,Deposit RoundUp Deposit,Deposits,income,154.4,,Deposit RoundUp Deposit,goldenwest,credit
"20250508 918273 108 1,273,250",2025-05-08,5/8/2025,Debit,-1.08,,288370787,Withdrawal RoundUp Withdraw,ATM/Cash Withdrawals,expense,598.58,,Withdrawal RoundUp Withdraw,goldenwest,checking
"20250509 918273 64,393 1,259,423",2025-05-09,5/9/2025,Credit,643.93,,288556066,Salary/Regular Income from Goldenwest Credit Union,Paychecks/Salary,income,1242.51,,Deposit ACH GOLDENWEST CREDI TYPE: Payroll ID: 324377613 CO: GOLDENWEST CREDI,goldenwest,checking
"20250510 918274 10,000 1,651,692",2025-05-10,5/10/2025,Credit,100.0,,288923688,Deposit Promo Deposit Youth Engagement Smart Money,Deposits,income,254.4,,Deposit Promo Deposit    Youth Engagement Smart Money,goldenwest,credit
"20250515 918273 600 961,196",2025-05-15,5/14/2025,Debit,-6.0,,289679792,Withdrawal #XX4240 SQ *CHROMIS BAKERY SQUARE OREM UT Card 4143,Restaurants & Dining,expense,1236.51,,Withdrawal POS #513502614240 SQ *CHROMIS BAKERY SQUARE PURCHASE OREM UT Card 4143,goldenwest,checking
"20250515 918273 40,000 1,445,705",2025-05-15,5/15/2025,Debit,-400.0,,289801147,Withdrawal ACH LIFE STARFISH TYPE: ID: 9xx0086U01 DATA: 2XX4128S86U01 CO: LIFE STARFISH NAME: Savanna Kerby,Groceries,expense,836.51,,Withdrawal ACH LIFE STARFISH    TYPE: PURCHASE ID: 9000086U01    DATA: 20250514104128S86U01 CO: LIFE STARFISH NAME: Savanna Kerby,goldenwest,checking
"20250515 918273 1,612 1,942,517",2025-05-15,5/15/2025,Debit,-16.12,,289858416,Withdrawal SHOEMAN ENTERPRISE ONE PROVO UT Date XX 5970 Card 4143,Other Expenses,expense,820.39,,Withdrawal Debit Card Debit Card    SHOEMAN ENTERPRISE ONE PROVO UT    Date 05/14/25 24801665135027015417522 5970 Card 4143,goldenwest,checking
"20250516 918273 88 1,341,960",2025-05-16,5/16/2025,Debit,-0.88,,289939699,Withdrawal RoundUp Withdraw,ATM/Cash Withdrawals,expense,819.51,,Withdrawal RoundUp Withdraw,goldenwest,checking
"20250516 918274 88 1,341,961",2025-05-16,5/16/2025,Credit,0.88,,289939698,Deposit RoundUp Deposit,Deposits,income,255.28,,Deposit RoundUp Deposit,goldenwest,credit
"20250516 918273 4,000 1,698,284",2025-05-16,5/16/2025,Debit,-40.0,,290012025,Withdrawal,Other Expenses,expense,779.51,,Withdrawal,goldenwest,checking
"20250519 918273 18,900 1,457,219",2025-05-19,5/19/2025,Debit,-189.0,,290448604,Payment to Bear River Mutual,Insurance,expense,590.51,,Withdrawal ACH Bear River TYPE: Ins. Paymt ID: 1870114580 DATA: Insurance payment CO: Bear River,goldenwest,checking
"20250519 918273 2,301 1,782,787",2025-05-19,5/19/2025,Debit,-23.01,,290571521,Withdrawal #XX0720 OAK HILLS PHARMACY PROVO UT Card 4143,Healthcare & Pharmacy,expense,567.5,,Withdrawal POS #513980070720    OAK HILLS PHARMACY PROVO UT    Card 4143,goldenwest,checking
"20250520 993480 100,000 1,743,090",2025-05-20,5/20/2025,Debit,-1000.0,,290725533,Withdrawal Home Banking Transfer To Share 0090,Transfers,expense,1057.48,,Withdrawal Home Banking Transfer To Share 0090,goldenwest,credit
"20250520 918273 99 1,302,472",2025-05-20,5/20/2025,Debit,-0.99,,290721316,Withdrawal RoundUp Withdraw,ATM/Cash Withdrawals,expense,566.51,,Withdrawal RoundUp Withdraw,goldenwest,checking
"20250520 918273 100,000 1,743,089",2025-05-20,5/20/2025,Credit,1000.0,,290725532,Deposit Home Banking Transfer From Share 0004,Deposits,income,1566.51,,Deposit Home Banking Transfer From Share 0004,goldenwest,checking
"20250520 918274 99 1,302,473",2025-05-20,5/20/2025,Credit,0.99,,290721315,Deposit RoundUp Deposit,Deposits,income,256.27,,Deposit RoundUp Deposit,goldenwest,credit
"20250521 918273 20,000 1,427,770",2025-05-21,5/21/2025,Debit,-200.0,,290859389,Withdrawal ACH LIFE STARFISH TYPE: ID: 9xx0086U01 DATA: 2XX2001S86U01 CO: LIFE STARFISH NAME: Savanna Kerby,Groceries,expense,1366.51,,Withdrawal ACH LIFE STARFISH    TYPE: PURCHASE ID: 9000086U01    DATA: 20250520102001S86U01 CO: LIFE STARFISH NAME: Savanna Kerby,goldenwest,checking
"20250522 918273 51,500 1,913,477",2025-05-22,5/22/2025,Debit,-515.0,,291191913,Payment to Perks,Insurance,expense,851.51,,Withdrawal Debit Card Debit Card    LIFE STARFISH PERKS SC 919-817-4335 NC    Date 05/20/25 24707805142030048266427 2741 Card 4143,goldenwest,checking
"20250523 918273 71,878 1,236,936",2025-05-23,5/23/2025,Credit,718.78,,291224400,Salary/Regular Income from Goldenwest Credit Union,Paychecks/Salary,income,1570.29,,Deposit ACH GOLDENWEST CREDI TYPE: Payroll ID: 324377613 CO: GOLDENWEST CREDI,goldenwest,checking
"20250525 918273 1,355 1,354,859",2025-05-25,5/25/2025,Debit,-13.55,,291659555,Withdrawal TST*BROOKERS - PROVO - J Provo UT Date 05/24/25 XX 5814 Card 4143,Restaurants & Dining,expense,1556.74,,Withdrawal Debit Card Debit Card    TST*BROOKERS - PROVO - J Provo UT    Date 05/24/25 24692165145100621585353 5814 Card 4143,goldenwest,checking
"20250526 918273 5,249 1,458,147",2025-05-26,5/26/2025,Debit,-52.49,,291848825,Withdrawal #XX x6072 WEST JORDAN UT Card 4143,Other Expenses,expense,1503.8,,Withdrawal POS #514621793856    16072 WEST JORDAN UT    Card 4143,goldenwest,checking
"20250526 918274 45 1,010,201",2025-05-26,5/26/2025,Credit,0.45,,291746417,Deposit RoundUp Deposit,Deposits,income,256.72,,Deposit RoundUp Deposit,goldenwest,credit
"20250526 918273 45 1,010,200",2025-05-26,5/26/2025,Debit,-0.45,,291746418,Withdrawal RoundUp Withdraw,ATM/Cash Withdrawals,expense,1556.29,,Withdrawal RoundUp Withdraw,goldenwest,checking
"20250527 918274 51 1,223,999",2025-05-27,5/27/2025,Credit,0.51,,291909959,Deposit RoundUp Deposit,Deposits,income,257.23,,Deposit RoundUp Deposit,goldenwest,credit
"20250527 918273 51 1,223,998",2025-05-27,5/27/2025,Debit,-0.51,,291909957,Withdrawal RoundUp Withdraw,ATM/Cash Withdrawals,expense,1503.29,,Withdrawal RoundUp Withdraw,goldenwest,checking
"20250527 918273 1,611 1,259,022",2025-05-27,5/27/2025,Debit,-16.11,,291909958,Fandango At Home,Entertainment,expense,1487.18,,Withdrawal Debit Card Debit Card    VUDU.COM FANDANGO https://www.V CA    Date 05/26/25 24138295147120062487781 4899 Card 4143,goldenwest,checking
"20250528 918273 8,911 1,842,398",2025-05-28,5/28/2025,Debit,-89.11,,292256624,Ross Stores,Clothing,expense,997.18,,Withdrawal POS #514822379084 ROSS STORES #1983 SPANISH FORK UT Card 4143,goldenwest,checking
"20250528 918274 89 1,319,050",2025-05-28,5/28/2025,Credit,0.89,,292150595,Deposit RoundUp Deposit,Deposits,income,258.12,,Deposit RoundUp Deposit,goldenwest,credit
"20250528 918273 40,000 1,460,756",2025-05-28,5/28/2025,Debit,-400.0,,292150600,Withdrawal ACH LIFE STARFISH TYPE: ID: 9xx0086U01 DATA: 2XX2000S86U01 CO: LIFE STARFISH NAME: Savanna Kerby,Groceries,expense,1086.29,,Withdrawal ACH LIFE STARFISH    TYPE: PURCHASE ID: 9000086U01    DATA: 20250527102000S86U01 CO: LIFE STARFISH NAME: Savanna Kerby,goldenwest,checking
"20250528 918273 89 1,319,049",2025-05-28,5/28/2025,Debit,-0.89,,292150599,Withdrawal RoundUp Withdraw,ATM/Cash Withdrawals,expense,1486.29,,Withdrawal RoundUp Withdraw,goldenwest,checking
"20250529 918273 89 1,302,895",2025-05-29,5/29/2025,Debit,-0.89,,292326305,Withdrawal RoundUp Withdraw,ATM/Cash Withdrawals,expense,857.13,,Withdrawal RoundUp Withdraw,goldenwest,checking
"20250529 918273 852 972,344",2025-05-29,5/28/2025,Debit,-8.52,,292290097,Withdrawal #XX3405 SQ *POPBITE SQUARE PROVO UT Card 4143,Other Expenses,expense,858.02,,Withdrawal POS #514903003405    SQ *POPBITE SQUARE PURCHASE PROVO UT Card 4143,goldenwest,checking
"20250529 918273 500 954,943",2025-05-29,5/28/2025,Debit,-5.0,,292290096,Withdrawal OUELESSEBOUGOUALLIANCE XX6254 UT Date 05/29/25 XX 8398 Card 4143,Other Expenses,expense,866.54,,Withdrawal Debit Card Debit Card    OUELESSEBOUGOUALLIANCE 180-19836254 UT    Date 05/29/25 24492165149100011731649 8398 Card 4143,goldenwest,checking
"20250529 918273 1,730 1,588,604",2025-05-29,5/29/2025,Debit,-17.3,,292461209,Taco Bell,Restaurants & Dining,expense,818.48,,Withdrawal Debit Card Debit Card    TACO BELL 025393 SPANISH FORK UT    Date 05/28/25 24943005149215818061314 5814 Card 4143,goldenwest,checking
"20250529 918273 12,564 937,236",2025-05-29,5/28/2025,Debit,-125.64,,292290095,Walmart,Shopping,expense,871.54,,Withdrawal POS #514800578181    WM SUPERCENTER #1768 1355 SANDHILL RD OREM   UT    Card 4143,goldenwest,checking
"20250529 918274 89 1,302,896",2025-05-29,5/29/2025,Credit,0.89,,292326300,Deposit RoundUp Deposit,Deposits,income,259.01,,Deposit RoundUp Deposit,goldenwest,credit
"20250529 918273 860 1,347,694",2025-05-29,5/29/2025,Debit,-8.6,,292326306,"Withdrawal PP*HANSEN WORKSHOP, LLC LINDON UT Date XX 5999 Card 4143",Hobbies,expense,848.53,,"Withdrawal Debit Card Debit Card    PP*HANSEN WORKSHOP, LLC LINDON UT    Date 05/28/25 24055235149354468310619 5999 Card 4143",goldenwest,checking
"20250529 918273 1,275 1,520,092",2025-05-29,5/29/2025,Debit,-12.75,,292461210,Volker's Bakery,Restaurants & Dining,expense,835.78,,Withdrawal Debit Card Debit Card    SQ *VOLKER'S BAKERY Orem UT    Date 05/28/25 24692165149103861435483 5462   Card 4143,goldenwest,checking
"20250530 918274 219 1,362,145",2025-05-30,5/30/2025,Credit,2.19,,292542261,Deposit RoundUp Deposit,Deposits,income,261.2,,Deposit RoundUp Deposit,goldenwest,credit
"20250530 918273 219 1,362,144",2025-05-30,5/30/2025,Debit,-2.19,,292542296,Withdrawal RoundUp Withdraw,ATM/Cash Withdrawals,expense,816.29,,Withdrawal RoundUp Withdraw,goldenwest,checking
"20250531 918273 11,437 955,425",2025-05-31,5/30/2025,Debit,-114.37,,292733044,Walgreens,Healthcare & Pharmacy,expense,701.92,,Withdrawal POS #515105356165    WALGREENS STORE 1315 N ST PROVO UT    Card 4143,goldenwest,checking
"20250531 918273 4 2,792,756",2025-05-31,5/31/2025,Credit,0.04,,292915786,Deposit Dividend Annual Percentage Yield Earned 0.05% from 05/01/25 through 05/31/25,Investment Income,income,564.17,,Deposit Dividend    Annual Percentage Yield Earned 0.05% from 05/01/25 through 05/31/25,goldenwest,checking
"20250531 918273 1,116 987,417",2025-05-31,5/31/2025,Debit,-11.16,,292733045,Payment to T-Mobile,Telephone Services,expense,690.76,,Withdrawal Debit Card Debit Card    TMOBILE*PREPAID WEB 877-778-2106 WA    Date 05/30/25 24692165151105489288561 4814 Card 4143,goldenwest,checking
"20250531 918274 115 2,792,742",2025-05-31,5/31/2025,Credit,1.15,,292915800,Deposit Dividend Annual Percentage Yield Earned 6.15% from 05/01/25 through 05/31/25,Investment Income,income,262.35,,Deposit Dividend    Annual Percentage Yield Earned 6.15% from 05/01/25 through 05/31/25,goldenwest,credit
"20250531 918273 12,663 1,409,421",2025-05-31,5/31/2025,Debit,-126.63,,292816259,Hobby Lobby,Hobbies,expense,564.13,,Withdrawal POS #515100042632 HOBBYLOBBY 360 WEST UNIVERSITY PAR OREM UT Card 4143,goldenwest,checking
"20250531 993480 142 2,792,731",2025-05-31,5/31/2025,Credit,1.42,,292916078,Deposit Dividend Annual Percentage Yield Earned 1.01% from 05/01/25 through 05/31/25,Investment Income,income,1058.9,,Deposit Dividend    Annual Percentage Yield Earned 1.01% from 05/01/25 through 05/31/25,goldenwest,credit
"20250601 918274 184 1,528,069",2025-06-01,6/1/2025,Credit,1.84,,292948353,Deposit RoundUp Deposit,Deposits,income,264.19,,Deposit RoundUp Deposit,goldenwest,credit
"20250601 918273 184 1,528,068",2025-06-01,6/1/2025,Debit,-1.84,,292948295,Withdrawal RoundUp Withdraw,ATM/Cash Withdrawals,expense,562.33,,Withdrawal RoundUp Withdraw,goldenwest,checking
"20250604 918273 15,800 1,223,288",2025-06-04,6/4/2025,Debit,-158.0,,293657031,"Withdrawal ACH BYU TYPE: MFC eCheck ID: XX7280 CO: BYU DATA: BYU_PROD NAME: KERBY, SAVANNA BROOKE",Other Expenses,expense,404.33,,"Withdrawal ACH BYU    TYPE: MFC eCheck ID: 9870217280 CO: BYU    DATA: BYU_PROD NAME: KERBY, SAVANNA BROOKE",goldenwest,checking
"20250605 918273 5,020 2,062,355",2025-06-05,6/5/2025,Debit,-50.2,,294045982,Costco Gas Stations,Gasoline/Fuel,expense,180.62,,Withdrawal POS #515622338769    COSTCO GAS #0484 OREM UT    Card 4143,goldenwest,checking
"20250605 918273 12,450 2,059,991",2025-06-05,6/5/2025,Debit,-124.5,,294034195,Costco,Shopping,expense,230.82,,Withdrawal POS #515622336565    COSTCO WHSE #0484 OREM UT    Card 4143,goldenwest,checking
"20250605 918273 4,901 2,033,169",2025-06-05,6/5/2025,Debit,-49.01,,294034196,Hobby Lobby,Hobbies,expense,355.32,,Withdrawal POS #515600026972 HOBBYLOBBY 360 WEST UNIVERSITY PAR OREM UT Card 4143,goldenwest,checking
"20250606 918274 229 1,369,443",2025-06-06,6/6/2025,Credit,2.29,,294068581,Deposit RoundUp Deposit,Deposits,income,266.48,,Deposit RoundUp Deposit,goldenwest,credit
"20250606 918273 76,659 1,272,262",2025-06-06,6/6/2025,Credit,766.59,,294068569,Salary/Regular Income from Goldenwest Credit Union,Paychecks/Salary,income,947.21,,Deposit ACH GOLDENWEST CREDI TYPE: Payroll ID: 324377613 CO: GOLDENWEST CREDI,goldenwest,checking
"20250606 918273 229 1,369,442",2025-06-06,6/6/2025,Debit,-2.29,,294068570,Withdrawal RoundUp Withdraw,ATM/Cash Withdrawals,expense,944.92,,Withdrawal RoundUp Withdraw,goldenwest,checking
"20250606 918273 1,125 2,108,332",2025-06-06,6/6/2025,Debit,-11.25,,294270497,Hobby Lobby,Hobbies,expense,933.67,,Withdrawal POS #515700027299 HOBBYLOBBY 360 WEST UNIVERSITY PAR OREM UT Card 4143,goldenwest,checking
"20250607 918273 75 1,054,302",2025-06-07,6/7/2025,Debit,-0.75,,294383029,Withdrawal RoundUp Withdraw,ATM/Cash Withdrawals,expense,932.92,,Withdrawal RoundUp Withdraw,goldenwest,checking
"20250607 918274 75 1,054,303",2025-06-07,6/7/2025,Credit,0.75,,294383028,Deposit RoundUp Deposit,Deposits,income,267.23,,Deposit RoundUp Deposit,goldenwest,credit
"20250608 918273 2,790 1,302,627",2025-06-08,6/7/2025,Debit,-27.9,,294516312,Payment to T-Mobile,Telephone Services,expense,905.02,,Withdrawal Bill Payment #515927103120 TMOBILE*PREPD AUTOPY 877-778-2106 WA Card 4143,goldenwest,checking
"20250614 918273 7,131 966,024",2025-06-14,6/13/2025,Debit,-71.31,,295632781,Walmart,Shopping,expense,833.71,,Withdrawal POS #516500351721    WAL WAL-MART #3620 002985 13502 HAMILTON    VIEW RD RIVERTON UT    Card 4143,goldenwest,checking
"20250615 918273 69 1,104,872",2025-06-15,6/15/2025,Debit,-0.69,,295783062,Withdrawal RoundUp Withdraw,ATM/Cash Withdrawals,expense,833.02,,Withdrawal RoundUp Withdraw,goldenwest,checking
"20250615 918274 69 1,104,873",2025-06-15,6/15/2025,Credit,0.69,,295783063,Deposit RoundUp Deposit,Deposits,income,267.92,,Deposit RoundUp Deposit,goldenwest,credit
"20250616 918273 2,301 1,865,864",2025-06-16,6/16/2025,Debit,-23.01,,296063360,Withdrawal #XX9073 OAK HILLS PHARMACY PROVO UT Card 4143,Healthcare & Pharmacy,expense,810.01,,Withdrawal POS #516755329073    OAK HILLS PHARMACY PROVO UT    Card 4143,goldenwest,checking
"20250617 918274 99 1,310,016",2025-06-17,6/17/2025,Credit,0.99,,296186098,Deposit RoundUp Deposit,Deposits,income,268.91,,Deposit RoundUp Deposit,goldenwest,credit
"20250617 918273 99 1,310,015",2025-06-17,6/17/2025,Debit,-0.99,,296186097,Withdrawal RoundUp Withdraw,ATM/Cash Withdrawals,expense,809.02,,Withdrawal RoundUp Withdraw,goldenwest,checking
"20250618 918273 17,000 1,232,785",2025-06-18,6/18/2025,Debit,-170.0,,296332917,"Withdrawal ACH BYU TYPE: MFC eCheck ID: XX7280 CO: BYU DATA: BYU_PROD NAME: KERBY, SAVANNA BROOKE",Other Expenses,expense,639.02,,"Withdrawal ACH BYU    TYPE: MFC eCheck ID: 9870217280 CO: BYU    DATA: BYU_PROD NAME: KERBY, SAVANNA BROOKE",goldenwest,checking
"20250619 918273 967 1,539,146",2025-06-19,6/19/2025,Debit,-9.67,,296660620,Maurices,Clothing,expense,629.35,,Withdrawal POS #517102532869    MAURICE'S #338 MAURICES_0 OREM UT Card 4143,goldenwest,checking
"20250620 918273 18,800 1,283,224",2025-06-20,6/20/2025,Debit,-188.0,,296685292,Payment to Bear River Mutual,Insurance,expense,1156.86,,Withdrawal ACH Bear River    TYPE: Ins. Paymt ID: 1870114580 DATA: Insurance payment CO: Bear River,goldenwest,checking
"20250620 918273 73,601 1,283,220",2025-06-20,6/20/2025,Credit,736.01,,296685291,Salary/Regular Income from Goldenwest Credit Union,Paychecks/Salary,income,1344.86,,Deposit ACH GOLDENWEST CREDI    TYPE: Payroll ID: 324377613    CO: GOLDENWEST CREDI,goldenwest,checking
"20250620 918273 2,050 1,179,710",2025-06-20,6/20/2025,Debit,-20.5,,296685289,McDonald's,Restaurants & Dining,expense,608.85,,Withdrawal Debit Card Debit Card    MCDONALD'S F13504 OREM UT    Date 06/19/25 24427335170730271742968 5814   Card 4143,goldenwest,checking
"20250620 918274 33 1,360,409",2025-06-20,6/20/2025,Credit,0.33,,296737150,Deposit RoundUp Deposit,Deposits,income,269.24,,Deposit RoundUp Deposit,goldenwest,credit
"20250620 918273 33 1,360,408",2025-06-20,6/20/2025,Debit,-0.33,,296737151,Withdrawal RoundUp Withdraw,ATM/Cash Withdrawals,expense,1156.53,,Withdrawal RoundUp Withdraw,goldenwest,checking
"20250621 918274 50 1,121,570",2025-06-21,6/21/2025,Credit,0.5,,296972062,Deposit RoundUp Deposit,Deposits,income,269.74,,Deposit RoundUp Deposit,goldenwest,credit
"20250621 918273 50 1,121,569",2025-06-21,6/21/2025,Debit,-0.5,,296972063,Withdrawal RoundUp Withdraw,ATM/Cash Withdrawals,expense,1156.03,,Withdrawal RoundUp Withdraw,goldenwest,checking
"20250623 918273 1,442 2,284,024",2025-06-23,6/23/2025,Debit,-14.42,,297398128,Walmart,Shopping,expense,1141.61,,Withdrawal POS #81775800 WAL-MART #1768 1355 SANDHILL RD OREM UT Card 4143,goldenwest,checking
"20250624 918274 58 1,318,082",2025-06-24,6/24/2025,Credit,0.58,,297513552,Deposit RoundUp Deposit,Deposits,income,270.32,,Deposit RoundUp Deposit,goldenwest,credit
"20250624 918273 58 1,318,081",2025-06-24,6/24/2025,Debit,-0.58,,297513553,Withdrawal RoundUp Withdraw,ATM/Cash Withdrawals,expense,1141.03,,Withdrawal RoundUp Withdraw,goldenwest,checking
"20250624 918273 2 1,916,547",2025-06-24,6/24/2025,Debit,-0.02,,297603656,Withdrawal,Other Expenses,expense,1141.01,,Withdrawal,goldenwest,checking
"20250630 918274 129 3,230,049",2025-06-30,6/30/2025,Credit,1.29,,298828100,Deposit Dividend Annual Percentage Yield Earned 6.02% from 06/01/25 through 06/30/25,Investment Income,income,271.61,,Deposit Dividend    Annual Percentage Yield Earned 6.02% from 06/01/25 through 06/30/25,goldenwest,credit
"20250630 918273 4 3,230,064",2025-06-30,6/30/2025,Credit,0.04,,298828110,Deposit Dividend Annual Percentage Yield Earned 0.05% from 06/01/25 through 06/30/25,Investment Income,income,1141.05,,Deposit Dividend    Annual Percentage Yield Earned 0.05% from 06/01/25 through 06/30/25,goldenwest,checking
"20250630 993480 87 3,230,037",2025-06-30,6/30/2025,Credit,0.87,,298828099,Deposit Dividend Annual Percentage Yield Earned 1.00% from 06/01/25 through 06/30/25,Investment Income,income,1059.77,,Deposit Dividend    Annual Percentage Yield Earned 1.00% from 06/01/25 through 06/30/25,goldenwest,credit
"20250703 918273 80,840 1,295,345",2025-07-03,7/3/2025,Credit,808.4,,299408657,Salary/Regular Income from Goldenwest Credit Union,Paychecks/Salary,income,1949.45,,Deposit ACH GOLDENWEST CREDI    TYPE: Payroll ID: 324377613    CO: GOLDENWEST CREDI,goldenwest,checking
"20250703 918273 15,800 1,295,349",2025-07-03,7/3/2025,Debit,-158.0,,299408658,"Withdrawal ACH BYU TYPE: MFC eCheck ID: XX7280 CO: BYU DATA: BYU_PROD NAME: KERBY, SAVANNA BROOKE",Other Expenses,expense,1791.45,,"Withdrawal ACH BYU    TYPE: MFC eCheck ID: 9870217280 CO: BYU    DATA: BYU_PROD NAME: KERBY, SAVANNA BROOKE",goldenwest,checking
"20250703 918273 508 2,140,157",2025-07-03,7/3/2025,Debit,-5.08,,299655643,Byu Creamery,Restaurants & Dining,expense,1786.37,,Withdrawal Debit Card Debit Card    BYU CREAMERY FOUNTAIN PROVO UT    Date 07/02/25 24692165184103160854083 5814 Card 4143,goldenwest,checking
"20250704 918273 92 1,096,291",2025-07-04,7/4/2025,Debit,-0.92,,299711035,Withdrawal RoundUp Withdraw,ATM/Cash Withdrawals,expense,1785.45,,Withdrawal RoundUp Withdraw,goldenwest,checking
"20250704 918274 92 1,096,292",2025-07-04,7/4/2025,Credit,0.92,,299711014,Deposit RoundUp Deposit,Deposits,income,272.53,,Deposit RoundUp Deposit,goldenwest,credit
"20250705 918273 775 1,442,840",2025-07-05,7/5/2025,Debit,-7.75,,299974371,Withdrawal #XX7883 SQ *PORTNEUF RAPIDS TUBE SQUARE LAVA HOT SPRI ID Card 4143,Restaurants & Dining,expense,1777.7,,Withdrawal POS #518619057883    SQ *PORTNEUF RAPIDS TUBE SQUARE PURCHASE    LAVA HOT SPRI ID    Card 4143,goldenwest,checking
"20250706 918273 25 1,081,389",2025-07-06,7/6/2025,Debit,-0.25,,300017964,Withdrawal RoundUp Withdraw,ATM/Cash Withdrawals,expense,1777.45,,Withdrawal RoundUp Withdraw,goldenwest,checking
"20250706 918274 25 1,081,390",2025-07-06,7/6/2025,Credit,0.25,,300017963,Deposit RoundUp Deposit,Deposits,income,272.78,,Deposit RoundUp Deposit,goldenwest,credit
"20250707 918273 30,000 1,538,204",2025-07-07,7/7/2025,Debit,-300.0,,300183058,Withdrawal ACH LIFE STARFISH TYPE: ID: 9xx0086U01 DATA: 2XX2000S86U01 CO: LIFE STARFISH NAME: Savanna Kerby,Groceries,expense,1477.45,,Withdrawal ACH LIFE STARFISH    TYPE: PURCHASE ID: 9000086U01    DATA: 20250703102000S86U01 CO: LIFE STARFISH NAME: Savanna Kerby,goldenwest,checking
"20250708 918273 2,795 1,289,103",2025-07-08,7/7/2025,Debit,-27.95,,300476364,Payment to T-Mobile,Telephone Services,expense,1449.5,,Withdrawal Bill Payment #518928107066    TMOBILE*PREPD AUTOPY 877-778-2106 WA    Card 4143,goldenwest,checking
"20250708 918273 757 1,291,678",2025-07-08,7/8/2025,Debit,-7.57,,300476365,Nielsen's Frozen Custard,Restaurants & Dining,expense,1441.93,,Withdrawal Debit Card Debit Card    NIELSENS FROZEN CUSTAR 801-2807479 UT    Date 07/07/25 24000975188026001977083 5814   Card 4143,goldenwest,checking
"20250708 918273 6,000 1,386,518",2025-07-08,7/8/2025,Debit,-60.0,,300476366,Withdrawal Bill Paid-GRANDMA BECKY Conf #1,Other Bills,expense,1381.93,,Withdrawal Bill Payment    Bill Paid-GRANDMA BECKY Conf #1,goldenwest,checking
"20250709 918273 43 1,325,273",2025-07-09,7/9/2025,Debit,-0.43,,300679676,Withdrawal RoundUp Withdraw,ATM/Cash Withdrawals,expense,1381.5,,Withdrawal RoundUp Withdraw,goldenwest,checking
"20250709 918274 43 1,325,274",2025-07-09,7/9/2025,Credit,0.43,,300679675,Deposit RoundUp Deposit,Deposits,income,273.21,,Deposit RoundUp Deposit,goldenwest,credit
"20250710 918273 3,204 1,825,971",2025-07-10,7/10/2025,Debit,-32.04,,301044832,Walmart,Shopping,expense,1349.46,,Withdrawal POS #519100342375    WM SUPERCENTER #1768 1355 SANDHILL RD OREM   UT    Card 4143,goldenwest,checking
"20250711 918273 7,428 1,959,993",2025-07-11,7/11/2025,Debit,-74.28,,301273921,Costco,Shopping,expense,1218.73,,Withdrawal POS #519217674444 COSTCO WHSE #1118 SPANISH FORK UT Card 4143,goldenwest,checking
"20250711 918273 5,549 1,929,236",2025-07-11,7/11/2025,Debit,-55.49,,301273920,Costco Gas Stations,Gasoline/Fuel,expense,1293.01,,Withdrawal POS #519216547362 COSTCO GAS #1118 SPANISH FORK UT Card 4143,goldenwest,checking
"20250711 918273 96 1,381,941",2025-07-11,7/11/2025,Debit,-0.96,,301205281,Withdrawal RoundUp Withdraw,ATM/Cash Withdrawals,expense,1348.5,,Withdrawal RoundUp Withdraw,goldenwest,checking
"20250711 918274 96 1,381,942",2025-07-11,7/11/2025,Credit,0.96,,301205278,Deposit RoundUp Deposit,Deposits,income,274.17,,Deposit RoundUp Deposit,goldenwest,credit
"20250712 918273 123 1,135,337",2025-07-12,7/12/2025,Debit,-1.23,,301351914,Withdrawal RoundUp Withdraw,ATM/Cash Withdrawals,expense,1217.5,,Withdrawal RoundUp Withdraw,goldenwest,checking
"20250712 918274 123 1,135,338",2025-07-12,7/12/2025,Credit,1.23,,301351913,Deposit RoundUp Deposit,Deposits,income,275.4,,Deposit RoundUp Deposit,goldenwest,credit
"20250717 918273 200 1,559,041",2025-07-17,7/17/2025,Debit,-2.0,,302359271,Salt Lake City Airport Parking,Travel & Commute,expense,1215.5,,Withdrawal Debit Card Debit Card    SLC AIRPORT PARKING SALT LAKE CIT UT    Date 07/16/25 24692165198105759076774 7523 Card 4143,goldenwest,checking
"20250718 918273 76,181 1,289,717",2025-07-18,7/18/2025,Credit,761.81,,302427640,Salary/Regular Income from Goldenwest Credit Union,Paychecks/Salary,income,1977.31,,Deposit ACH GOLDENWEST CREDI TYPE: Payroll ID: 324377613 CO: GOLDENWEST CREDI,goldenwest,checking
"20250721 918273 18,638 1,183,532",2025-07-21,7/21/2025,Debit,-186.38,,302944879,Payment to Bear River Mutual,Insurance,expense,1790.93,,Withdrawal ACH Bear River    TYPE: Ins. Paymt ID: 1870114580 DATA: Insurance payment CO: Bear River,goldenwest,checking
"20250731 993480 90 3,261,233",2025-07-31,7/31/2025,Credit,0.9,,305091559,Deposit Dividend Annual Percentage Yield Earned 1.00% from 07/01/25 through 07/31/25,Investment Income,income,1060.67,,Deposit Dividend    Annual Percentage Yield Earned 1.00% from 07/01/25 through 07/31/25,goldenwest,credit
"20250731 918273 74,901 1,586,250",2025-07-31,7/31/2025,Credit,749.01,,304930078,Salary/Regular Income from Goldenwest Credit Union,Paychecks/Salary,income,2539.94,,Deposit ACH GOLDENWEST CREDI TYPE: Payroll ID: 324377613 CO: GOLDENWEST CREDI,goldenwest,checking
"20250731 918273 7 3,261,255",2025-07-31,7/31/2025,Credit,0.07,,305100050,Deposit Dividend Annual Percentage Yield Earned 0.05% from 07/01/25 through 07/31/25,Investment Income,income,2540.01,,Deposit Dividend    Annual Percentage Yield Earned 0.05% from 07/01/25 through 07/31/25,goldenwest,checking
"20250731 918274 136 3,261,244",2025-07-31,7/31/2025,Credit,1.36,,305100074,Deposit Dividend Annual Percentage Yield Earned 5.99% from 07/01/25 through 07/31/25,Investment Income,income,276.76,,Deposit Dividend    Annual Percentage Yield Earned 5.99% from 07/01/25 through 07/31/25,goldenwest,credit
"20250807 918273 100 1,753,070",2025-08-07,8/7/2025,Credit,1.0,,306592310,"Deposit Transfer From CUMMARD,COOPER XX Share 0090",Transfers,income,2541.01,,"Deposit Transfer    From CUMMARD,COOPER XXXXXXXXXX Share 0090",goldenwest,checking
"20250815 993480 100,000 2,063,676",2025-08-15,8/15/2025,Debit,-1000.0,,308161092,Withdrawal Home Banking Transfer To Share 0090 For Germany!,Transfers,expense,60.67,,Withdrawal Home Banking Transfer To Share 0090   For Germany!,goldenwest,credit
"20250815 918273 79,346 1,299,042",2025-08-15,8/15/2025,Credit,793.46,,307975447,Salary/Regular Income from Goldenwest Credit Union,Paychecks/Salary,income,3334.47,,Deposit ACH GOLDENWEST CREDI TYPE: Payroll ID: 324377613 CO: GOLDENWEST CREDI,goldenwest,checking
"20250815 918273 100,000 2,063,674",2025-08-15,8/15/2025,Credit,1000.0,,308161091,Deposit Home Banking Transfer From Share 0004 For Germany!,Transfers,income,4334.47,,Deposit Home Banking Transfer From Share 0004   For Germany!,goldenwest,checking
"20250819 918273 17,900 1,487,452",2025-08-19,8/19/2025,Debit,-179.0,,308841668,Payment to Bear River Mutual,Insurance,expense,4155.47,,Withdrawal ACH Bear River    TYPE: Ins. Paymt ID: 1870114580    DATA: Insurance payment CO: Bear River,goldenwest,checking
"20250819 918273 124,693 1,487,456",2025-08-19,8/19/2025,Debit,-1246.93,,308841667,Payment to Capital One,Credit Card Payments,expense,2908.54,,Withdrawal ACH CAPITAL ONE TYPE: CRCARDPMT ID: 9541719318 CO: CAPITAL ONE NAME: SAVANNA B KERBY,goldenwest,checking
"20250827 918273 24,800 1,238,001",2025-08-27,8/27/2025,Debit,-248.0,,310299341,Withdrawal ACH Ch JesusChrist TYPE: DONATION ID: XX4341 DATA: XX1370 CO: Ch JesusChrist NAME: SAVANNA BROOKE KERBY,Charitable Giving,expense,2660.54,,Withdrawal ACH Ch JesusChrist    TYPE: DONATION ID: 2870834341    DATA: 202508261201370 CO: Ch JesusChrist NAME: SAVANNA BROOKE KERBY,goldenwest,checking
"20250828 918273 13,100 1,234,701",2025-08-28,8/28/2025,Debit,-131.0,,310458575,Withdrawal ACH Ch JesusChrist TYPE: DONATION ID: XX4341 DATA: XX1326 CO: Ch JesusChrist NAME: SAVANNA BROOKE KERBY,Charitable Giving,expense,2529.54,,Withdrawal ACH Ch JesusChrist    TYPE: DONATION ID: 2870834341    DATA: 202508271201326 CO: Ch JesusChrist NAME: SAVANNA BROOKE KERBY,goldenwest,checking
"20250828 918273 16,700 1,234,706",2025-08-28,8/28/2025,Debit,-167.0,,310458576,Withdrawal ACH Ch JesusChrist TYPE: DONATION ID: XX4341 DATA: XX1304 CO: Ch JesusChrist NAME: SAVANNA BROOKE KERBY,Charitable Giving,expense,2362.54,,Withdrawal ACH Ch JesusChrist    TYPE: DONATION ID: 2870834341    DATA: 202508271201304 CO: Ch JesusChrist NAME: SAVANNA BROOKE KERBY,goldenwest,checking
"20250829 918273 48,400 1,304,869",2025-08-29,8/29/2025,Debit,-484.0,,310659726,Withdrawal ACH Angel Funding TYPE: VAS Portal ID: XX4992 CO: Angel Funding NAME: Savanna Kerby-Savanna,Transfers,expense,2373.46,,Withdrawal ACH Angel Funding    TYPE: VAS Portal ID: 1126334992    CO: Angel Funding NAME: Savanna Kerby-Savanna,goldenwest,checking
"20250829 918273 15,200 1,304,864",2025-08-29,8/29/2025,Debit,-152.0,,310659725,Withdrawal ACH Ch JesusChrist TYPE: DONATION ID: XX4341 DATA: XX1573 CO: Ch JesusChrist NAME: SAVANNA BROOKE KERBY,Charitable Giving,expense,2857.46,,Withdrawal ACH Ch JesusChrist    TYPE: DONATION ID: 2870834341    DATA: 202508281201573 CO: Ch JesusChrist NAME: SAVANNA BROOKE KERBY,goldenwest,checking
"20250829 918273 13,500 1,304,859",2025-08-29,8/29/2025,Debit,-135.0,,310659724,Withdrawal ACH Ch JesusChrist TYPE: DONATION ID: XX4341 DATA: XX1573 CO: Ch JesusChrist NAME: SAVANNA BROOKE KERBY,Charitable Giving,expense,3009.46,,Withdrawal ACH Ch JesusChrist    TYPE: DONATION ID: 2870834341    DATA: 202508281201573 CO: Ch JesusChrist NAME: SAVANNA BROOKE KERBY,goldenwest,checking
"20250829 918273 78,192 1,304,855",2025-08-29,8/29/2025,Credit,781.92,,310659723,Salary/Regular Income from Goldenwest Credit Union,Paychecks/Salary,income,3144.46,,Deposit ACH GOLDENWEST CREDI    TYPE: Payroll ID: 324377613    CO: GOLDENWEST CREDI,goldenwest,checking
"20250831 993480 44 2,710,482",2025-08-31,8/31/2025,Credit,0.44,,311222396,Deposit Dividend Annual Percentage Yield Earned 1.02% from 08/01/25 through 08/31/25,Investment Income,income,61.11,,Deposit Dividend    Annual Percentage Yield Earned 1.02% from 08/01/25 through 08/31/25,goldenwest,credit
"20250831 918273 12 2,710,503",2025-08-31,8/31/2025,Credit,0.12,,311222510,Deposit Dividend Annual Percentage Yield Earned 0.05% from 08/01/25 through 08/31/25,Investment Income,income,2373.58,,Deposit Dividend    Annual Percentage Yield Earned 0.05% from 08/01/25 through 08/31/25,goldenwest,checking
"20250831 918274 137 2,710,492",2025-08-31,8/31/2025,Credit,1.37,,311222506,Deposit Dividend Annual Percentage Yield Earned 5.99% from 08/01/25 through 08/31/25,Investment Income,income,278.13,,Deposit Dividend    Annual Percentage Yield Earned 5.99% from 08/01/25 through 08/31/25,goldenwest,credit
"20250905 918273 1,500 1,746,795",2025-09-05,9/5/2025,Debit,-15.0,,312358046,Withdrawal,Other Expenses,expense,2358.58,,Withdrawal,goldenwest,checking
"20250906 918273 2,799 1,088,498",2025-09-06,9/6/2025,Credit,27.99,,312548990,Withdrawal Adjustment Credit Voucher BRIGHAM YOUNG UNIVERSI PROVO UT Date XX 5942 Card 4143,Refunds/Adjustments,income,2386.57,,Withdrawal Adjustment Debit Card Credit Voucher   BRIGHAM YOUNG UNIVERSI PROVO UT    Date 09/05/25 74000975248374700522690 5942 Card 4143,goldenwest,checking
"20250907 918273 99 1,110,456",2025-09-07,9/7/2025,Debit,-0.99,,312643580,Withdrawal RoundUp Withdraw,ATM/Cash Withdrawals,expense,2385.58,,Withdrawal RoundUp Withdraw,goldenwest,checking
"20250907 918274 99 1,110,457",2025-09-07,9/7/2025,Credit,0.99,,312643579,Deposit RoundUp Deposit,Deposits,income,279.12,,Deposit RoundUp Deposit,goldenwest,credit
"20250910 918273 4,699 1,333,752",2025-09-10,9/10/2025,Credit,46.99,,313196600,Withdrawal Adjustment Credit Voucher BRIGHAM YOUNG UNIVERSI PROVO UT Date XX 5942 Card 4143,Refunds/Adjustments,income,2432.57,,Withdrawal Adjustment Debit Card Credit Voucher   BRIGHAM YOUNG UNIVERSI PROVO UT    Date 09/09/25 74000975252397200479882 5942 Card 4143,goldenwest,checking
"20250911 918273 17,200 1,260,340",2025-09-11,9/11/2025,Debit,-172.0,,313405370,"Withdrawal ACH BYU TYPE: MFC eCheck ID: XX7280 CO: BYU DATA: BYU_PROD NAME: KERBY, SAVANNA BROOKE",Other Expenses,expense,2260.57,,"Withdrawal ACH BYU    TYPE: MFC eCheck ID: 9870217280 CO: BYU    DATA: BYU_PROD    NAME: KERBY, SAVANNA BROOKE",goldenwest,checking
"20250911 918273 99 1,352,502",2025-09-11,9/11/2025,Debit,-0.99,,313405371,Withdrawal RoundUp Withdraw,ATM/Cash Withdrawals,expense,2259.58,,Withdrawal RoundUp Withdraw,goldenwest,checking
"20250911 918273 48,400 1,474,282",2025-09-11,9/11/2025,Credit,484.0,,313405372,Deposit ACH North Capital TYPE: ACH PAYMTS ID: XX6349 CO: North Capital,Deposits,income,2743.58,,Deposit ACH North Capital TYPE: ACH PAYMTS ID: 1627266349 CO: North Capital,goldenwest,checking
"20250911 918274 99 1,352,503",2025-09-11,9/11/2025,Credit,0.99,,313405369,Deposit RoundUp Deposit,Deposits,income,280.11,,Deposit RoundUp Deposit,goldenwest,credit
"20250912 918273 75,704 1,297,977",2025-09-12,9/12/2025,Credit,757.04,,313662946,Salary/Regular Income from Goldenwest Credit Union,Paychecks/Salary,income,3500.62,,Deposit ACH GOLDENWEST CREDI TYPE: Payroll ID: 324377613 CO: GOLDENWEST CREDI,goldenwest,checking
"20250916 918273 17,300 1,281,719",2025-09-16,9/16/2025,Debit,-173.0,,314305798,Withdrawal ACH Ch JesusChrist TYPE: DONATION ID: XX4341 DATA: XX7143 CO: Ch JesusChrist NAME: SAVANNA BROOKE KERBY,Charitable Giving,expense,3327.62,,Withdrawal ACH Ch JesusChrist    TYPE: DONATION ID: 2870834341    DATA: 202509151207143 CO: Ch JesusChrist NAME: SAVANNA BROOKE KERBY,goldenwest,checking
"20250918 918273 271,740 1,453,926",2025-09-18,9/18/2025,Debit,-2717.4,,314823589,Payment to Capital One,Credit Card Payments,expense,610.22,,Withdrawal ACH CAPITAL ONE TYPE: CRCARDPMT ID: 9541719318 CO: CAPITAL ONE NAME: SAVANNA B KERBY,goldenwest,checking
"20250919 918273 17,900 1,285,987",2025-09-19,9/19/2025,Debit,-179.0,,314945236,Payment to Bear River Mutual,Insurance,expense,406.22,,Withdrawal ACH Bear River TYPE: Ins. Paymt ID: 1870114580 DATA: Insurance payment CO: Bear River,goldenwest,checking
"20250919 918273 2,500 1,285,983",2025-09-19,9/19/2025,Debit,-25.0,,314945235,Cougar Cash,Online Services,expense,585.22,,"Withdrawal ACH BYU    TYPE: CougarCash ID: 9870217280 CO: BYU    NAME: KERBY, SAVANNA BROOKE",goldenwest,checking
"20250923 918273 3,640 1,661,968",2025-09-23,9/23/2025,Debit,-36.4,,315759641,Salem High School,Education,expense,369.82,,Withdrawal Debit Card Debit Card    SALEM HIGH SCHOOL BAND RAISE.SNAP.AP VA    Date 09/23/25 24000775266100150074734 8398 Card 4143,goldenwest,checking
"20250924 918274 60 1,288,671",2025-09-24,9/24/2025,Credit,0.6,,315836546,Deposit RoundUp Deposit,Deposits,income,280.71,,Deposit RoundUp Deposit,goldenwest,credit
"20250924 918273 60 1,288,670",2025-09-24,9/24/2025,Debit,-0.6,,315836538,Withdrawal RoundUp Withdraw,ATM/Cash Withdrawals,expense,369.22,,Withdrawal RoundUp Withdraw,goldenwest,checking
"20250926 918273 62,358 1,303,028",2025-09-26,9/26/2025,Credit,623.58,,316175722,Salary/Regular Income from Goldenwest Credit Union,Paychecks/Salary,income,992.8,,Deposit ACH GOLDENWEST CREDI    TYPE: Payroll ID: 324377613    CO: GOLDENWEST CREDI,goldenwest,checking
"20250926 918273 2,500 1,303,032",2025-09-26,9/26/2025,Debit,-25.0,,316175723,Cougar Cash,Online Services,expense,967.8,,"Withdrawal ACH BYU TYPE: CougarCash ID: 9870217280 CO: BYU NAME: KERBY, SAVANNA BROOKE",goldenwest,checking
"20250930 993480 5 3,467,799",2025-09-30,9/30/2025,Credit,0.05,,317290083,Deposit Dividend Annual Percentage Yield Earned 1.00% from 09/01/25 through 09/30/25,Investment Income,income,61.16,,Deposit Dividend    Annual Percentage Yield Earned 1.00% from 09/01/25 through 09/30/25,goldenwest,credit
"20250930 918273 7 3,467,825",2025-09-30,9/30/2025,Credit,0.07,,317290808,Deposit Dividend Annual Percentage Yield Earned 0.05% from 09/01/25 through 09/30/25,Investment Income,income,967.87,,Deposit Dividend    Annual Percentage Yield Earned 0.05% from 09/01/25 through 09/30/25,goldenwest,checking
"20250930 918274 134 3,467,812",2025-09-30,9/30/2025,Credit,1.34,,317290894,Deposit Dividend Annual Percentage Yield Earned 5.99% from 09/01/25 through 09/30/25,Investment Income,income,282.05,,Deposit Dividend    Annual Percentage Yield Earned 5.99% from 09/01/25 through 09/30/25,goldenwest,credit
"20251001 918273 20,200 1,497,074",2025-10-01,10/1/2025,Debit,-202.0,,317290809,"Withdrawal ACH BYU TYPE: MFC eCheck ID: XX7280 CO: BYU DATA: BYU_PROD NAME: KERBY, SAVANNA BROOKE",Other Expenses,expense,765.87,,"Withdrawal ACH BYU    TYPE: MFC eCheck ID: 9870217280 CO: BYU    DATA: BYU_PROD NAME: KERBY, SAVANNA BROOKE",goldenwest,checking
"20251003 918273 2,500 1,300,699",2025-10-03,10/3/2025,Debit,-25.0,,317760290,Cougar Cash,Online Services,expense,740.87,,"Withdrawal ACH BYU TYPE: CougarCash ID: 9870217280 CO: BYU NAME: KERBY, SAVANNA BROOKE",goldenwest,checking
"20251008 918273 1,073 1,270,008",2025-10-08,10/8/2025,Debit,-10.73,,318865288,Fandango At Home,Entertainment,expense,730.14,,Withdrawal Debit Card Debit Card    VUDU.COM FANDANGO https://www.V CA    Date 10/07/25 24138295281173232541660 4899 Card 4143,goldenwest,checking
"20251009 918273 27 1,279,588",2025-10-09,10/9/2025,Debit,-0.27,,318993160,Withdrawal RoundUp Withdraw,ATM/Cash Withdrawals,expense,729.87,,Withdrawal RoundUp Withdraw,goldenwest,checking
"20251009 918274 27 1,279,589",2025-10-09,10/9/2025,Credit,0.27,,318993156,Deposit RoundUp Deposit,Deposits,income,282.32,,Deposit RoundUp Deposit,goldenwest,credit
"20251010 918273 60,708 1,340,613",2025-10-10,10/10/2025,Credit,607.08,,319197292,Salary/Regular Income from Goldenwest Credit Union,Paychecks/Salary,income,1336.95,,Deposit ACH GOLDENWEST CREDI TYPE: Payroll ID: *****7613 CO: GOLDENWEST CREDI,goldenwest,checking
"20251016 918273 2,500 1,295,858",2025-10-16,10/16/2025,Debit,-25.0,,320316959,"Withdrawal ACH BYU TYPE: CougarCash ID: ******7280 CO: BYU NAME: KERBY, SAVANNA BROOKE",Other Expenses,expense,1311.95,,"Withdrawal ACH BYU TYPE: CougarCash ID: ******7280 CO: BYU NAME: KERBY, SAVANNA BROOKE",goldenwest,checking
"20251018 918274 10,000 1,670,291",2025-10-18,10/18/2025,Credit,100.0,,320904342,Deposit Promo Deposit Youth Engagement Promo 1 Year Reward,Rewards,income,382.32,,Deposit Promo Deposit    Youth Engagement Promo 1 Year Reward,goldenwest,credit
"20251020 918273 17,900 1,208,894",2025-10-20,10/20/2025,Debit,-179.0,,321270086,Withdrawal ACH Bear River TYPE: Ins. Paymt ID: ******4580 DATA: Insurance CO: Bear River,Insurance,expense,1132.95,,Withdrawal ACH Bear River    TYPE: Ins. Paymt ID: ******4580    DATA: Insurance payment CO: Bear River,goldenwest,checking
"20251020 918273 68,213 1,491,747",2025-10-20,10/20/2025,Debit,-682.13,,321270085,Payment to Capital One,Credit Card Payments,expense,450.82,,Withdrawal ACH CAPITAL ONE    TYPE: CRCARDPMT ID: ******9318    CO: CAPITAL ONE NAME: Savanna B Kerby,goldenwest,checking
"20251021 918273 2,500 1,100,562",2025-10-21,10/21/2025,Debit,-25.0,,321270087,"Withdrawal ACH BYU TYPE: CougarCash ID: ******7280 CO: BYU NAME: KERBY, SAVANNA BROOKE",Other Expenses,expense,425.82,,"Withdrawal ACH BYU TYPE: CougarCash ID: ******7280 CO: BYU NAME: KERBY, SAVANNA BROOKE",goldenwest,checking
"20251024 918273 64,037 1,278,320",2025-10-24,10/24/2025,Credit,640.37,,321924896,Salary/Regular Income from Goldenwest Credit Union,Paychecks/Salary,income,1066.19,,Deposit ACH GOLDENWEST CREDI TYPE: Payroll ID: *****7613 CO: GOLDENWEST CREDI,goldenwest,checking
"20251028 918273 2,500 1,252,432",2025-10-28,10/28/2025,Debit,-25.0,,322574677,Cougar Cash,Online Services,expense,1041.19,,"Withdrawal ACH BYU TYPE: CougarCash ID: 9870217280 CO: BYU NAME: KERBY, SAVANNA BROOKE",goldenwest,checking
"20251030 918273 17,700 1,252,085",2025-10-30,10/30/2025,Debit,-177.0,,322949177,"Withdrawal ACH BYU TYPE: MFC eCheck ID: XX7280 CO: BYU DATA: BYU_PROD NAME: KERBY, SAVANNA BROOKE",Other Expenses,expense,864.19,,"Withdrawal ACH BYU    TYPE: MFC eCheck ID: 9870217280 CO: BYU    DATA: BYU_PROD NAME: KERBY, SAVANNA BROOKE",goldenwest,checking
"20251031 993480 5 3,389,699",2025-10-31,10/31/2025,Credit,0.05,,323398397,Deposit Dividend Annual Percentage Yield Earned 0.97% from 10/01/25 through 10/31/25,Investment Income,income,61.21,,Deposit Dividend    Annual Percentage Yield Earned 0.97% from 10/01/25 through 10/31/25,goldenwest,credit
"20251031 918273 2,500 1,320,983",2025-10-31,10/31/2025,Debit,-25.0,,323144290,Cougar Cash,Online Services,expense,839.19,,"Withdrawal ACH BYU TYPE: CougarCash ID: 9870217280 CO: BYU NAME: KERBY, SAVANNA BROOKE",goldenwest,checking
"20251031 918274 162 3,389,708",2025-10-31,10/31/2025,Credit,1.62,,323398493,Deposit Dividend Annual Percentage Yield Earned 5.98% from 10/01/25 through 10/31/25,Investment Income,income,383.94,,Deposit Dividend    Annual Percentage Yield Earned 5.98% from 10/01/25 through 10/31/25,goldenwest,credit
"20251031 918273 4 3,389,719",2025-10-31,10/31/2025,Credit,0.04,,323398492,Deposit Dividend Annual Percentage Yield Earned 0.05% from 10/01/25 through 10/31/25,Investment Income,income,839.23,,Deposit Dividend    Annual Percentage Yield Earned 0.05% from 10/01/25 through 10/31/25,goldenwest,checking
"20251105 918273 2,500 1,208,179",2025-11-05,11/5/2025,Debit,-25.0,,324375462,Cougar Cash,Online Services,expense,814.23,,"Withdrawal ACH BYU TYPE: CougarCash ID: 9870217280 CO: BYU NAME: KERBY, SAVANNA BROOKE",goldenwest,checking
"20251107 918273 62,651 1,294,169",2025-11-07,11/7/2025,Credit,626.51,,324736359,Salary/Regular Income from Goldenwest Credit Union,Paychecks/Salary,income,1440.74,,Deposit ACH GOLDENWEST CREDI TYPE: Payroll ID: 324377613 CO: GOLDENWEST CREDI,goldenwest,checking
"20251113 918273 2,500 1,292,495",2025-11-13,11/13/2025,Debit,-25.0,,325954098,Cougar Cash,Online Services,expense,1415.74,,"Withdrawal ACH BYU TYPE: CougarCash ID: 9870217280 CO: BYU NAME: KERBY, SAVANNA BROOKE",goldenwest,checking
"20251117 918273 50,000 1,504,641",2025-11-17,11/17/2025,Debit,-500.0,,326672400,Payment to Capital One,Credit Card Payments,expense,915.74,,Withdrawal ACH CAPITAL ONE TYPE: MOBILE PMT ID: 9279744380 CO: CAPITAL ONE NAME: Savanna B Kerby,goldenwest,checking
"20251118 918273 15,000 1,275,277",2025-11-18,11/18/2025,Debit,-150.0,,326835176,Withdrawal ACH Ch JesusChrist TYPE: DONATION ID: XX4341 DATA: XX5586 CO: Ch JesusChrist NAME: SAVANNA BROOKE KERBY,Charitable Giving,expense,765.74,,Withdrawal ACH Ch JesusChrist    TYPE: DONATION ID: 2870834341    DATA: 202511171205586 CO: Ch JesusChrist NAME: SAVANNA BROOKE KERBY,goldenwest,checking
"20251119 918273 17,800 1,273,598",2025-11-19,11/19/2025,Debit,-178.0,,327039692,Payment to Bear River Mutual,Insurance,expense,587.74,,Withdrawal ACH Bear River TYPE: Ins. Paymt ID: 1870114580 DATA: Insurance payment CO: Bear River,goldenwest,checking
"20251121 918273 62,201 1,317,104",2025-11-21,11/21/2025,Credit,622.01,,327451854,Salary/Regular Income from Goldenwest Credit Union,Paychecks/Salary,income,1209.75,,Deposit ACH GOLDENWEST CREDI TYPE: Payroll ID: 324377613 CO: GOLDENWEST CREDI,goldenwest,checking
"20251125 918273 2,500 1,321,271",2025-11-25,11/25/2025,Debit,-25.0,,328334598,Cougar Cash,Online Services,expense,1184.75,,"Withdrawal ACH BYU TYPE: CougarCash ID: 9870217280 CO: BYU NAME: KERBY, SAVANNA BROOKE",goldenwest,checking
"20251126 918273 17,200 1,302,964",2025-11-26,11/26/2025,Debit,-172.0,,328541812,"Withdrawal ACH BYU TYPE: MFC eCheck ID: XX7280 CO: BYU DATA: BYU_PROD NAME: KERBY, SAVANNA BROOKE",Other Expenses,expense,1012.75,,"Withdrawal ACH BYU    TYPE: MFC eCheck ID: 9870217280 CO: BYU    DATA: BYU_PROD NAME: KERBY, SAVANNA BROOKE",goldenwest,checking
"20251130 993480 5 2,707,224",2025-11-30,11/30/2025,Credit,0.05,,329375893,Deposit Dividend Annual Percentage Yield Earned 1.00% from 11/01/25 through 11/30/25,Investment Income,income,61.26,,Deposit Dividend    Annual Percentage Yield Earned 1.00% from 11/01/25 through 11/30/25,goldenwest,credit
"20251130 918273 5 2,707,246",2025-11-30,11/30/2025,Credit,0.05,,329376016,Deposit Dividend Annual Percentage Yield Earned 0.05% from 11/01/25 through 11/30/25,Investment Income,income,1012.8,,Deposit Dividend    Annual Percentage Yield Earned 0.05% from 11/01/25 through 11/30/25,goldenwest,checking
"20251130 918274 184 2,707,235",2025-11-30,11/30/2025,Credit,1.84,,329376015,Deposit Dividend Annual Percentage Yield Earned 5.99% from 11/01/25 through 11/30/25,Investment Income,income,385.78,,Deposit Dividend    Annual Percentage Yield Earned 5.99% from 11/01/25 through 11/30/25,goldenwest,credit
"20251204 918273 70,000 1,727,042",2025-12-04,12/4/2025,Debit,-700.0,,330390733,Payment to Capital One,Credit Card Payments,expense,374.06,,Withdrawal ACH CAPITAL ONE TYPE: ONLINE PMT ID: 9279744391 CO: CAPITAL ONE NAME: Savanna B Kerby,goldenwest,checking
"20251204 918273 6,126 1,517,324",2025-12-04,12/4/2025,Credit,61.26,,330278698,Deposit Home Banking Transfer From Share 0004,Deposits,income,1074.06,,Deposit Home Banking Transfer From Share 0004,goldenwest,checking
"20251204 993480 6,126 1,517,325",2025-12-04,12/4/2025,Debit,-61.26,,330278697,Withdrawal Home Banking Transfer To Share 0090,Transfers,expense,0.0,,Withdrawal Home Banking Transfer To Share 0090,goldenwest,credit
"20251205 918273 15,000 1,327,273",2025-12-05,12/5/2025,Debit,-150.0,,330423252,Withdrawal ACH Ch JesusChrist TYPE: DONATION ID: XX4341 DATA: XX2000 CO: Ch JesusChrist NAME: SAVANNA BROOKE KERBY,Charitable Giving,expense,702.79,,Withdrawal ACH Ch JesusChrist    TYPE: DONATION ID: 2870834341    DATA: 202512041202000 CO: Ch JesusChrist NAME: SAVANNA BROOKE KERBY,goldenwest,checking
"20251205 918273 14,000 1,327,268",2025-12-05,12/5/2025,Debit,-140.0,,330423251,Withdrawal ACH Ch JesusChrist TYPE: DONATION ID: XX4341 DATA: XX2000 CO: Ch JesusChrist NAME: SAVANNA BROOKE KERBY,Charitable Giving,expense,852.79,,Withdrawal ACH Ch JesusChrist    TYPE: DONATION ID: 2870834341    DATA: 202512041202000 CO: Ch JesusChrist NAME: SAVANNA BROOKE KERBY,goldenwest,checking
"20251205 918273 61,873 1,327,264",2025-12-05,12/5/2025,Credit,618.73,,330423250,Salary/Regular Income from Goldenwest Credit Union,Paychecks/Salary,income,992.79,,Deposit ACH GOLDENWEST CREDI TYPE: Payroll ID: 324377613 CO: GOLDENWEST CREDI,goldenwest,checking
"20251205 918273 30,093 1,973,268",2025-12-05,12/5/2025,Debit,-300.93,,330570801,Payment to Capital One,Credit Card Payments,expense,401.86,,Withdrawal ACH CAPITAL ONE TYPE: MOBILE PMT ID: 9279744380 CO: CAPITAL ONE NAME: Savanna B Kerby,goldenwest,checking
"20251210 918273 2,500 1,309,696",2025-12-10,12/10/2025,Debit,-25.0,,331415415,Cougar Cash,Online Services,expense,376.86,,"Withdrawal ACH BYU TYPE: CougarCash ID: 9870217280 CO: BYU NAME: KERBY, SAVANNA BROOKE",goldenwest,checking
"20251219 918273 17,800 1,333,383",2025-12-19,12/19/2025,Debit,-178.0,,333268947,Payment to Bear River Mutual,Insurance,expense,747.86,,Withdrawal ACH Bear River TYPE: Ins. Paymt ID: 1870114580 DATA: Insurance payment CO: Bear River,goldenwest,checking
"20251219 918273 54,900 1,333,379",2025-12-19,12/19/2025,Credit,549.0,,333268946,Salary/Regular Income from Goldenwest Credit Union,Paychecks/Salary,income,925.86,,Deposit ACH GOLDENWEST CREDI    TYPE: Payroll ID: 324377613    CO: GOLDENWEST CREDI,goldenwest,checking
"20251229 918273 390 1,203,941",2025-12-29,12/29/2025,Credit,3.9,,335021885,Amazon Deposit,Deposits,income,751.76,,"Deposit ACH AMAZON.COM, INC. TYPE: PAYMENTS ID: 9000027358 CO: AMAZON.COM, INC.",goldenwest,checking
"20251231 918274 191 3,284,825",2025-12-31,12/31/2025,Credit,1.91,,335662027,Deposit Dividend Annual Percentage Yield Earned 5.99% from 12/01/25 through 12/31/25,Investment Income,income,387.69,,Deposit Dividend    Annual Percentage Yield Earned 5.99% from 12/01/25 through 12/31/25,goldenwest,credit
"20251231 918274 2,005 3,609,601",2025-12-31,12/31/2025,Credit,20.05,,335662028,Rewards from Golden,Rewards,income,407.74,,Deposit Loyalty Bonus    2025 Golden Rewards Loyalty Bonus,goldenwest,credit
"20251231 993480 1 3,284,817",2025-12-31,12/31/2025,Credit,0.01,,335661819,Deposit Dividend Annual Percentage Yield Earned 2.00% from 12/01/25 through 12/31/25,Investment Income,income,0.01,,Deposit Dividend    Annual Percentage Yield Earned 2.00% from 12/01/25 through 12/31/25,goldenwest,credit
"20251231 918273 2 3,284,836",2025-12-31,12/31/2025,Credit,0.02,,335661959,Deposit Dividend Annual Percentage Yield Earned 0.04% from 12/01/25 through 12/31/25,Investment Income,income,751.78,,Deposit Dividend    Annual Percentage Yield Earned 0.04% from 12/01/25 through 12/31/25,goldenwest,checking
